dataset,task,method,family,seed,model,score,score_name,r2,rmse,mae,accuracy,roc_auc,retention,agreement,out_dim,distance_corr,rank_match,corr_gap,z_offdiag_corr,recon_r2,worst_attr_r2,sensitive_attr_r2,n_pairs_r2_0.5,known_pair_robustness,spearman_leak,semantic_acc,kind_acc,membership_auc,linkage,sensitive_hit
california_housing,regression,identity,baseline,0,linear,0.6237532465882905,r2,0.6237532465882905,0.6961824014453291,0.5024730180109679,,,1.0,0.9999999999999999,8,0.9999999999999999,1.0,1.8128535100804308e-16,0.12515559525949368,0.9986912905300931,1.0,0.9999917582068161,10.0,collapses_with_enough_pairs,1.0,0.0,1.0,0.5577415735094851,,0.0
california_housing,regression,identity,baseline,0,hgb,0.8006841320831621,r2,0.8006841320831621,0.5067078093706993,0.3448394320585303,,,1.0,1.0,8,0.9999999999999999,1.0,1.8128535100804308e-16,0.12515559525949368,0.9986912905300931,1.0,0.9999917582068161,10.0,collapses_with_enough_pairs,1.0,0.0,1.0,0.5577415735094851,,0.0
california_housing,regression,identity,baseline,0,mlp,0.5830046552133623,r2,0.5830046552133623,0.7329127273425476,0.5226968440980259,,,1.0000000000000384,1.0,8,0.9999999999999999,1.0,1.8128535100804308e-16,0.12515559525949368,0.9986912905300931,1.0,0.9999917582068161,10.0,collapses_with_enough_pairs,1.0,0.0,1.0,0.5577415735094851,,0.0
california_housing,regression,identity,baseline,0,knn,0.6852878385674643,r2,0.6852878385674643,0.6367125687948673,0.45439171629629627,,,1.0,0.9999999999999999,8,0.9999999999999999,1.0,1.8128535100804308e-16,0.12515559525949368,0.9986912905300931,1.0,0.9999917582068161,10.0,collapses_with_enough_pairs,1.0,0.0,1.0,0.5577415735094851,,0.0
california_housing,regression,vib,learned,0,linear,0.7397460870187612,r2,0.7397460870187612,0.5790089729977834,0.4069456018073342,,,1.1859594977098886,0.9287481674937166,4,-0.02475849699329476,0.3934890943088201,0.9451607809116639,0.5807424831922315,-0.21314331345910037,0.6313260844544357,0.6313260844544357,,resistant_in_tested_budget,0.7333783734551375,,,0.5297467818428184,,
california_housing,regression,vib,learned,0,hgb,0.7372261865286285,r2,0.7372261865286285,0.5818053386394668,0.40306638705374176,,,0.9207453438730785,0.9466444166409269,4,-0.02475849699329476,0.3934890943088201,0.9451607809116639,0.5807424831922315,-0.21314331345910037,0.6313260844544357,0.6313260844544357,,resistant_in_tested_budget,0.7333783734551375,,,0.5297467818428184,,
california_housing,regression,vib,learned,0,mlp,0.7408544749925177,r2,0.7408544749925177,0.5777746950299909,0.4004000356794252,,,1.2707522459171712,0.8884168323068522,4,-0.02475849699329476,0.3934890943088201,0.9451607809116639,0.5807424831922315,-0.21314331345910037,0.6313260844544357,0.6313260844544357,,resistant_in_tested_budget,0.7333783734551375,,,0.5297467818428184,,
california_housing,regression,vib,learned,0,knn,0.7289562761848328,r2,0.7289562761848328,0.5908895885866631,0.4104583518518518,,,1.0637227675142369,0.9253090519415246,4,-0.02475849699329476,0.3934890943088201,0.9451607809116639,0.5807424831922315,-0.21314331345910037,0.6313260844544357,0.6313260844544357,,resistant_in_tested_budget,0.7333783734551375,,,0.5297467818428184,,
california_housing,regression,capsule,learned,0,linear,0.737956976599208,r2,0.737956976599208,0.5809957572320733,0.4247283757952271,,,1.1830911993413606,0.8914684207551582,4,-0.020857405104060114,0.43576894061098564,0.8131627280776381,0.365426275738303,0.20838317096773615,0.619340038430808,0.619340038430808,,resistant_in_tested_budget,0.7966990309418348,,,0.5472349254742548,,
california_housing,regression,capsule,learned,0,hgb,0.7247336242606919,r2,0.7247336242606919,0.5954746016222011,0.4280103714163277,,,0.905142983632175,0.9344723442412209,4,-0.020857405104060114,0.43576894061098564,0.8131627280776381,0.365426275738303,0.20838317096773615,0.619340038430808,0.619340038430808,,resistant_in_tested_budget,0.7966990309418348,,,0.5472349254742548,,
california_housing,regression,capsule,learned,0,mlp,0.7366855395733277,r2,0.7366855395733277,0.5824035520853084,0.4195917049688343,,,1.2636014703926355,0.8626005868107128,4,-0.020857405104060114,0.43576894061098564,0.8131627280776381,0.365426275738303,0.20838317096773615,0.619340038430808,0.619340038430808,,resistant_in_tested_budget,0.7966990309418348,,,0.5472349254742548,,
california_housing,regression,capsule,learned,0,knn,0.7280873842548061,r2,0.7280873842548061,0.591835945830666,0.42657464148148144,,,1.0624548449259081,0.8943079547142109,4,-0.020857405104060114,0.43576894061098564,0.8131627280776381,0.365426275738303,0.20838317096773615,0.619340038430808,0.619340038430808,,resistant_in_tested_budget,0.7966990309418348,,,0.5472349254742548,,
california_housing,regression,capsule_soft,learned,0,linear,0.7419516103592252,r2,0.7419516103592252,0.5765503455011801,0.41803411820701264,,,1.1894953884688184,0.8898005460015807,4,-0.046203758407393186,0.3794740348666025,0.8624822513473285,0.4785021614807096,0.24870373756634112,0.7989277497712037,0.7989277497712037,,resistant_in_tested_budget,0.724667535299816,,,0.5023130504742547,,
california_housing,regression,capsule_soft,learned,0,hgb,0.741982329202518,r2,0.741982329202518,0.5765160273508882,0.41513562593942854,,,0.9266854424504231,0.9424461663620879,4,-0.046203758407393186,0.3794740348666025,0.8624822513473285,0.4785021614807096,0.24870373756634112,0.7989277497712037,0.7989277497712037,,resistant_in_tested_budget,0.724667535299816,,,0.5023130504742547,,
california_housing,regression,capsule_soft,learned,0,mlp,0.7442630439112259,r2,0.7442630439112259,0.5739623511887149,0.4137306269408949,,,1.2765988011517275,0.8652625873496828,4,-0.046203758407393186,0.3794740348666025,0.8624822513473285,0.4785021614807096,0.24870373756634112,0.7989277497712037,0.7989277497712037,,resistant_in_tested_budget,0.724667535299816,,,0.5023130504742547,,
california_housing,regression,capsule_soft,learned,0,knn,0.734668000950496,r2,0.734668000950496,0.5846305081369577,0.41714532814814814,,,1.0720575495491889,0.898268495675398,4,-0.046203758407393186,0.3794740348666025,0.8624822513473285,0.4785021614807096,0.24870373756634112,0.7989277497712037,0.7989277497712037,,resistant_in_tested_budget,0.724667535299816,,,0.5023130504742547,,
california_housing,regression,capsule_tight,learned,0,linear,0.7352219427293702,r2,0.7352219427293702,0.5840199137305951,0.42844484176522285,,,1.1787063983246164,0.8843925022840505,4,-0.001947220642160577,0.35948077863983446,0.7464696944439541,0.35510205658106003,0.11783030988842388,0.7177782670951787,0.7177782670951787,,resistant_in_tested_budget,0.7002596202232686,,,0.5097762110433605,,
california_housing,regression,capsule_tight,learned,0,hgb,0.731233146895844,r2,0.731233146895844,0.5884025054449102,0.4258208717815743,,,0.913260445156287,0.9336135891554799,4,-0.001947220642160577,0.35948077863983446,0.7464696944439541,0.35510205658106003,0.11783030988842388,0.7177782670951787,0.7177782670951787,,resistant_in_tested_budget,0.7002596202232686,,,0.5097762110433605,,
california_housing,regression,capsule_tight,learned,0,mlp,0.7391813944340091,r2,0.7391813944340091,0.5796367923903651,0.4236535682978187,,,1.2678824908585322,0.8561643091913133,4,-0.001947220642160577,0.35948077863983446,0.7464696944439541,0.35510205658106003,0.11783030988842388,0.7177782670951787,0.7177782670951787,,resistant_in_tested_budget,0.7002596202232686,,,0.5097762110433605,,
california_housing,regression,capsule_tight,learned,0,knn,0.7306312532798241,r2,0.7306312532798241,0.5890609900191471,0.42919588444444445,,,1.066166962494397,0.8953634904672739,4,-0.001947220642160577,0.35948077863983446,0.7464696944439541,0.35510205658106003,0.11783030988842388,0.7177782670951787,0.7177782670951787,,resistant_in_tested_budget,0.7002596202232686,,,0.5097762110433605,,
california_housing,regression,identity,baseline,1,linear,0.5985578410553725,r2,0.5985578410553725,0.7697940947286565,0.5510455171638975,,,1.0,1.0,8,1.0,1.0,7.617899504362742e-17,0.12224373608197257,0.9994733457289788,1.0,0.9999807805404437,10.0,collapses_with_enough_pairs,1.0,0.0,1.0,0.5316736285157337,,0.0
california_housing,regression,identity,baseline,1,hgb,0.7765578749023345,r2,0.7765578749023345,0.5743089865315739,0.3762877147872927,,,1.0,1.0,8,1.0,1.0,7.617899504362742e-17,0.12224373608197257,0.9994733457289788,1.0,0.9999807805404437,10.0,collapses_with_enough_pairs,1.0,0.0,1.0,0.5316736285157337,,0.0
california_housing,regression,identity,baseline,1,mlp,0.70204316985813,r2,0.70204316985813,0.6631927319505732,0.4586033752458506,,,1.0000000000000018,1.0,8,1.0,1.0,7.617899504362742e-17,0.12224373608197257,0.9994733457289788,1.0,0.9999807805404437,10.0,collapses_with_enough_pairs,1.0,0.0,1.0,0.5316736285157337,,0.0
california_housing,regression,identity,baseline,1,knn,0.6035163353677887,r2,0.6035163353677887,0.765025188937441,0.5377369599999999,,,1.0,0.9999999999999999,8,1.0,1.0,7.617899504362742e-17,0.12224373608197257,0.9994733457289788,1.0,0.9999807805404437,10.0,collapses_with_enough_pairs,1.0,0.0,1.0,0.5316736285157337,,0.0
california_housing,regression,vib,learned,1,linear,0.6968684846000518,r2,0.6968684846000518,0.6689268535291207,0.46582265577621973,,,1.164245853619324,0.9424035203317672,4,0.0657558488034814,0.3471105977394333,0.9573655822004677,0.7095249053937324,0.10863429004172662,0.6770850545746578,0.6770850545746578,,resistant_in_tested_budget,0.7704724190499233,,,0.5125758841548316,,
california_housing,regression,vib,learned,1,hgb,0.6874375993288144,r2,0.6874375993288144,0.6792528234651908,0.46028528070081837,,,0.885236788584845,0.9275657797600064,4,0.0657558488034814,0.3471105977394333,0.9573655822004677,0.7095249053937324,0.10863429004172662,0.6770850545746578,0.6770850545746578,,resistant_in_tested_budget,0.7704724190499233,,,0.5125758841548316,,
california_housing,regression,vib,learned,1,mlp,0.6997522539916974,r2,0.6997522539916974,0.6657374118443626,0.4590043195818744,,,0.9967367877578036,0.9802676156209622,4,0.0657558488034814,0.3471105977394333,0.9573655822004677,0.7095249053937324,0.10863429004172662,0.6770850545746578,0.6770850545746578,,resistant_in_tested_budget,0.7704724190499233,,,0.5125758841548316,,
california_housing,regression,vib,learned,1,knn,0.683157967347561,r2,0.683157967347561,0.6838872086052108,0.46807304000000005,,,1.1319626782450518,0.8997793893408362,4,0.0657558488034814,0.3471105977394333,0.9573655822004677,0.7095249053937324,0.10863429004172662,0.6770850545746578,0.6770850545746578,,resistant_in_tested_budget,0.7704724190499233,,,0.5125758841548316,,
california_housing,regression,capsule,learned,1,linear,0.7140419187753896,r2,0.7140419187753896,0.6497021030315397,0.45071195770496103,,,1.1929372063966224,0.8559895972779051,4,-0.031182285243344494,0.3544493446247526,0.6640885622601888,0.40649854920882833,0.23125625407195766,0.5840671087953883,0.5840671087953883,,resistant_in_tested_budget,0.7532831026637402,,,0.501130604288499,,
california_housing,regression,capsule,learned,1,hgb,0.7134543117884689,r2,0.7134543117884689,0.650369287489129,0.44143156621723567,,,0.9187393945083591,0.9417256716440627,4,-0.031182285243344494,0.3544493446247526,0.6640885622601888,0.40649854920882833,0.23125625407195766,0.5840671087953883,0.5840671087953883,,resistant_in_tested_budget,0.7532831026637402,,,0.501130604288499,,
california_housing,regression,capsule,learned,1,mlp,0.7168638463572912,r2,0.7168638463572912,0.6464884188598081,0.4489080722898506,,,1.0211107765668561,0.9383338954080561,4,-0.031182285243344494,0.3544493446247526,0.6640885622601888,0.40649854920882833,0.23125625407195766,0.5840671087953883,0.5840671087953883,,resistant_in_tested_budget,0.7532831026637402,,,0.501130604288499,,
california_housing,regression,capsule,learned,1,knn,0.7006467873844026,r2,0.7006467873844026,0.6647449504859951,0.46122236000000005,,,1.1609408831617152,0.83032269319421,4,-0.031182285243344494,0.3544493446247526,0.6640885622601888,0.40649854920882833,0.23125625407195766,0.5840671087953883,0.5840671087953883,,resistant_in_tested_budget,0.7532831026637402,,,0.501130604288499,,
california_housing,regression,capsule_soft,learned,1,linear,0.7145666382882554,r2,0.7145666382882554,0.6491057430646416,0.4428090743203073,,,1.193813846007492,0.8591166923459918,4,-0.0415144013395365,0.34707319249228363,0.7288504677063031,0.47780104930100514,0.2227782436027415,0.5994609589810029,0.5994609589810029,,resistant_in_tested_budget,0.7554082965606046,,,0.5094458368142579,,
california_housing,regression,capsule_soft,learned,1,hgb,0.7086145249685574,r2,0.7086145249685574,0.6558386923302584,0.44274611637819417,,,0.9125070363334836,0.9409741272235861,4,-0.0415144013395365,0.34707319249228363,0.7288504677063031,0.47780104930100514,0.2227782436027415,0.5994609589810029,0.5994609589810029,,resistant_in_tested_budget,0.7554082965606046,,,0.5094458368142579,,
california_housing,regression,capsule_soft,learned,1,mlp,0.7156722325442021,r2,0.7156722325442021,0.6478474040642392,0.4420123959814986,,,1.019413425372157,0.9417717963419829,4,-0.0415144013395365,0.34707319249228363,0.7288504677063031,0.47780104930100514,0.2227782436027415,0.5994609589810029,0.5994609589810029,,resistant_in_tested_budget,0.7554082965606046,,,0.5094458368142579,,
california_housing,regression,capsule_soft,learned,1,knn,0.6931423370997465,r2,0.6931423370997465,0.6730255814539289,0.462899385925926,,,1.1485063393973236,0.8230912079268843,4,-0.0415144013395365,0.34707319249228363,0.7288504677063031,0.47780104930100514,0.2227782436027415,0.5994609589810029,0.5994609589810029,,resistant_in_tested_budget,0.7554082965606046,,,0.5094458368142579,,
california_housing,regression,capsule_tight,learned,1,linear,0.7080238660135143,r2,0.7080238660135143,0.6565030715091169,0.4568704556807015,,,1.1828829520721542,0.8526952814831362,4,-0.04461315163121483,0.3508020787089475,0.6547877023150581,0.3906483062758511,0.20471786378336537,0.5914150750253651,0.5914150750253651,,resistant_in_tested_budget,0.7453551292271484,,,0.5005346700083543,,
california_housing,regression,capsule_tight,learned,1,hgb,0.7125587328564642,r2,0.7125587328564642,0.6513848369429581,0.44806721664296534,,,0.917586127043114,0.941865705117479,4,-0.04461315163121483,0.3508020787089475,0.6547877023150581,0.3906483062758511,0.20471786378336537,0.5914150750253651,0.5914150750253651,,resistant_in_tested_budget,0.7453551292271484,,,0.5005346700083543,,
california_housing,regression,capsule_tight,learned,1,mlp,0.712684660623854,r2,0.712684660623854,0.6512421357486433,0.45008806365494125,,,1.0151578866124085,0.9345558363634369,4,-0.04461315163121483,0.3508020787089475,0.6547877023150581,0.3906483062758511,0.20471786378336537,0.5914150750253651,0.5914150750253651,,resistant_in_tested_budget,0.7453551292271484,,,0.5005346700083543,,
california_housing,regression,capsule_tight,learned,1,knn,0.6963406119457625,r2,0.6963406119457625,0.6695090341734661,0.4611298311111111,,,1.1538057400242625,0.838307287212409,4,-0.04461315163121483,0.3508020787089475,0.6547877023150581,0.3906483062758511,0.20471786378336537,0.5914150750253651,0.5914150750253651,,resistant_in_tested_budget,0.7453551292271484,,,0.5005346700083543,,
banking_mixed_reg,regression,identity,baseline,0,linear,0.8832808515831443,r2,0.8832808515831443,254.34054989541102,203.31032722546706,,,1.0,1.0,15,1.0,1.0,0.0,0.06013210569973592,0.9962498899146589,1.0,1.0,25.0,collapses_with_enough_pairs,1.0,0.2,0.7333333333333333,0.5224068479355488,,0.8888888888888888
banking_mixed_reg,regression,identity,baseline,0,hgb,0.920065572997707,r2,0.920065572997707,210.48031442261419,155.11944579202878,,,1.0,0.9999999999999999,15,1.0,1.0,0.0,0.06013210569973592,0.9962498899146589,1.0,1.0,25.0,collapses_with_enough_pairs,1.0,0.2,0.7333333333333333,0.5224068479355488,,0.8888888888888888
banking_mixed_reg,regression,identity,baseline,0,mlp,-0.6967397094228749,r2,-0.6967397094228749,969.7329728369868,827.6663287455252,,,1.0,1.0,15,1.0,1.0,0.0,0.06013210569973592,0.9962498899146589,1.0,1.0,25.0,collapses_with_enough_pairs,1.0,0.2,0.7333333333333333,0.5224068479355488,,0.8888888888888888
banking_mixed_reg,regression,identity,baseline,0,knn,0.733076381749677,r2,0.733076381749677,384.625481023562,317.8875079051009,,,1.0,0.9999999999999999,15,1.0,1.0,0.0,0.06013210569973592,0.9962498899146589,1.0,1.0,25.0,collapses_with_enough_pairs,1.0,0.2,0.7333333333333333,0.5224068479355488,,0.8888888888888888
banking_mixed_reg,regression,vib,learned,0,linear,0.9150748202220921,r2,0.9150748202220921,216.951565462191,162.750248188042,,,1.0359953106443573,0.9753319075396424,8,0.0721275020564943,0.3321393419959595,0.9325001426517622,0.8075589999597381,0.3615290404392921,0.9269774820020065,0.9269774820020065,,resistant_in_tested_budget,0.9535219098789061,,,0.5353233504093874,,
banking_mixed_reg,regression,vib,learned,0,hgb,0.9101447408917702,r2,0.9101447408917702,223.1599735209211,161.82537042827965,,,0.9892172553814689,0.9887137287849659,8,0.0721275020564943,0.3321393419959595,0.9325001426517622,0.8075589999597381,0.3615290404392921,0.9269774820020065,0.9269774820020065,,resistant_in_tested_budget,0.9535219098789061,,,0.5353233504093874,,
banking_mixed_reg,regression,vib,learned,0,mlp,-0.7945915914664106,r2,-0.7945915914664106,997.3035502007305,905.0985100061321,,,1.1404425221071275,0.641934825721827,8,0.0721275020564943,0.3321393419959595,0.9325001426517622,0.8075589999597381,0.3615290404392921,0.9269774820020065,0.9269774820020065,,resistant_in_tested_budget,0.9535219098789061,,,0.5353233504093874,,
banking_mixed_reg,regression,vib,learned,0,knn,0.9081169091849397,r2,0.9081169091849397,225.664034675139,165.98123483775467,,,1.2387752924429007,0.929671644448794,8,0.0721275020564943,0.3321393419959595,0.9325001426517622,0.8075589999597381,0.3615290404392921,0.9269774820020065,0.9269774820020065,,resistant_in_tested_budget,0.9535219098789061,,,0.5353233504093874,,
banking_mixed_reg,regression,capsule,learned,0,linear,0.9024721816558599,r2,0.9024721816558599,232.4924239531319,179.36735658874335,,,1.021727324936704,0.9740140477862282,6,0.04476755377468065,0.3514717565182554,0.9508217608771247,0.7930320179200523,0.0826243638857996,0.8907713281277632,0.8907713281277632,,resistant_in_tested_budget,0.9433712343050773,,,0.5222536012960287,,
banking_mixed_reg,regression,capsule,learned,0,hgb,0.9040249292646215,r2,0.9040249292646215,230.63423364349464,171.6280108708156,,,0.9825657603068195,0.9862136032035228,6,0.04476755377468065,0.3514717565182554,0.9508217608771247,0.7930320179200523,0.0826243638857996,0.8907713281277632,0.8907713281277632,,resistant_in_tested_budget,0.9433712343050773,,,0.5222536012960287,,
banking_mixed_reg,regression,capsule,learned,0,mlp,-1.2545405548275173,r2,-1.2545405548275173,1117.8243780628443,1004.5388075057007,,,1.8005871315511517,0.6142913043977999,6,0.04476755377468065,0.3514717565182554,0.9508217608771247,0.7930320179200523,0.0826243638857996,0.8907713281277632,0.8907713281277632,,resistant_in_tested_budget,0.9433712343050773,,,0.5222536012960287,,
banking_mixed_reg,regression,capsule,learned,0,knn,0.8976519569382434,r2,0.8976519569382434,238.16850049731147,177.98497678061813,,,1.224499901082291,0.9232511482701619,6,0.04476755377468065,0.3514717565182554,0.9508217608771247,0.7930320179200523,0.0826243638857996,0.8907713281277632,0.8907713281277632,,resistant_in_tested_budget,0.9433712343050773,,,0.5222536012960287,,
banking_mixed_reg,regression,capsule_soft,learned,0,linear,0.9087174827510147,r2,0.9087174827510147,224.92532398550478,173.20525543621918,,,1.0287978972059444,0.9759924317806358,7,0.05760265817270584,0.3359650099173435,0.8273458862214645,0.7848192872251952,0.11589166148453606,0.8997613575263662,0.8997613575263662,,resistant_in_tested_budget,0.947347945985224,,,0.5098077849292876,,
banking_mixed_reg,regression,capsule_soft,learned,0,hgb,0.9072578401426755,r2,0.9072578401426755,226.71651321243758,167.91714210567048,,,0.9860795434250387,0.9873604847759808,7,0.05760265817270584,0.3359650099173435,0.8273458862214645,0.7848192872251952,0.11589166148453606,0.8997613575263662,0.8997613575263662,,resistant_in_tested_budget,0.947347945985224,,,0.5098077849292876,,
banking_mixed_reg,regression,capsule_soft,learned,0,mlp,-0.9926401720126241,r2,-0.9926401720126241,1050.8941913256965,947.8512326146183,,,1.4246929787235039,0.6560087772368544,7,0.05760265817270584,0.3359650099173435,0.8273458862214645,0.7848192872251952,0.11589166148453606,0.8997613575263662,0.8997613575263662,,resistant_in_tested_budget,0.947347945985224,,,0.5098077849292876,,
banking_mixed_reg,regression,capsule_soft,learned,0,knn,0.9048735334387613,r2,0.9048735334387613,229.61234470829152,170.43893162689776,,,1.2343509570981481,0.9241427653499183,7,0.05760265817270584,0.3359650099173435,0.8273458862214645,0.7848192872251952,0.11589166148453606,0.8997613575263662,0.8997613575263662,,resistant_in_tested_budget,0.947347945985224,,,0.5098077849292876,,
banking_mixed_reg,regression,capsule_tight,learned,0,linear,0.8872693823030289,r2,0.8872693823030289,249.95710965366612,197.52153864556087,,,1.0045155860819759,0.962081495171882,4,0.06223720163330141,0.3258133973784527,0.43763435060878075,0.3358728368600826,0.09210804893409735,0.8791242239081543,0.8791242239081543,,resistant_in_tested_budget,0.9131541594565347,,,0.514109637024388,,
banking_mixed_reg,regression,capsule_tight,learned,0,hgb,0.8909054926680078,r2,0.8909054926680078,245.89290255603095,188.32609034260028,,,0.9683065194639427,0.9799858510107773,4,0.06223720163330141,0.3258133973784527,0.43763435060878075,0.3358728368600826,0.09210804893409735,0.8791242239081543,0.8791242239081543,,resistant_in_tested_budget,0.9131541594565347,,,0.514109637024388,,
banking_mixed_reg,regression,capsule_tight,learned,0,mlp,-1.592234235920774,r2,-1.592234235920774,1198.6204190296755,1095.32339665223,,,2.28526408698545,0.7384431601896043,4,0.06223720163330141,0.3258133973784527,0.43763435060878075,0.3358728368600826,0.09210804893409735,0.8791242239081543,0.8791242239081543,,resistant_in_tested_budget,0.9131541594565347,,,0.514109637024388,,
banking_mixed_reg,regression,capsule_tight,learned,0,knn,0.8838705954868809,r2,0.8838705954868809,253.69718614156383,193.84058834979913,,,1.2057005483893701,0.9118796555853173,4,0.06223720163330141,0.3258133973784527,0.43763435060878075,0.3358728368600826,0.09210804893409735,0.8791242239081543,0.8791242239081543,,resistant_in_tested_budget,0.9131541594565347,,,0.514109637024388,,
banking_mixed_reg,regression,identity,baseline,1,linear,0.87468317264686,r2,0.87468317264686,267.28996055957475,213.77179297355218,,,1.0,1.0,15,0.9999999999999999,1.0,0.0,0.062187592566841976,0.9964524941420799,1.0,1.0,25.0,collapses_with_enough_pairs,1.0,0.2,0.7333333333333333,0.536390931372549,,0.8888888888888888
banking_mixed_reg,regression,identity,baseline,1,hgb,0.9258022746700072,r2,0.9258022746700072,205.67108868944894,150.93882059734182,,,1.0,0.9999999999999999,15,0.9999999999999999,1.0,0.0,0.062187592566841976,0.9964524941420799,1.0,1.0,25.0,collapses_with_enough_pairs,1.0,0.2,0.7333333333333333,0.536390931372549,,0.8888888888888888
banking_mixed_reg,regression,identity,baseline,1,mlp,-0.5126548885290707,r2,-0.5126548885290707,928.6410530182574,792.8909827110251,,,1.0,0.9999999999999999,15,0.9999999999999999,1.0,0.0,0.062187592566841976,0.9964524941420799,1.0,1.0,25.0,collapses_with_enough_pairs,1.0,0.2,0.7333333333333333,0.536390931372549,,0.8888888888888888
banking_mixed_reg,regression,identity,baseline,1,knn,0.772815524904658,r2,0.772815524904658,359.88792573334024,298.08861230316467,,,1.0,0.9999999999999999,15,0.9999999999999999,1.0,0.0,0.062187592566841976,0.9964524941420799,1.0,1.0,25.0,collapses_with_enough_pairs,1.0,0.2,0.7333333333333333,0.536390931372549,,0.8888888888888888
banking_mixed_reg,regression,vib,learned,1,linear,0.9210172194547229,r2,0.9210172194547229,212.19940442425988,164.2688758744387,,,1.0529723770352784,0.9738580438992407,8,-0.022887121304404123,0.4195474605462541,0.7671870654086121,0.6253539310697288,0.3616246596717996,0.9198776407174414,0.9198776407174414,,resistant_in_tested_budget,0.9671090587365411,,,0.50125,,
banking_mixed_reg,regression,vib,learned,1,hgb,0.920698053496835,r2,0.920698053496835,212.62771641402506,155.54650738748668,,,0.9944867048690375,0.9915442621013918,8,-0.022887121304404123,0.4195474605462541,0.7671870654086121,0.6253539310697288,0.3616246596717996,0.9198776407174414,0.9198776407174414,,resistant_in_tested_budget,0.9671090587365411,,,0.50125,,
banking_mixed_reg,regression,vib,learned,1,mlp,-0.4329991135611688,r2,-0.4329991135611688,903.8594689981512,811.8334836985416,,,0.8446210564841129,0.7298267548655644,8,-0.022887121304404123,0.4195474605462541,0.7671870654086121,0.6253539310697288,0.3616246596717996,0.9198776407174414,0.9198776407174414,,resistant_in_tested_budget,0.9671090587365411,,,0.50125,,
banking_mixed_reg,regression,vib,learned,1,knn,0.9204334086847666,r2,0.9204334086847666,212.9822093126628,160.29668655434827,,,1.1910130930642475,0.9297824840925601,8,-0.022887121304404123,0.4195474605462541,0.7671870654086121,0.6253539310697288,0.3616246596717996,0.9198776407174414,0.9198776407174414,,resistant_in_tested_budget,0.9671090587365411,,,0.50125,,
banking_mixed_reg,regression,capsule,learned,1,linear,0.9059418679769137,r2,0.9059418679769137,231.56671030781712,183.10392397687986,,,1.0357371632467358,0.9727158349702155,6,-0.013012037850359846,0.387395133822817,0.6721264148431967,0.5904974382292411,0.11997483275433793,0.8881496427718256,0.8881496427718256,,resistant_in_tested_budget,0.947468900636865,,,0.5032107843137255,,
banking_mixed_reg,regression,capsule,learned,1,hgb,0.9119829735126508,r2,0.9119829735126508,224.00684923451598,169.46961149170815,,,0.9850731613699241,0.9880044806766877,6,-0.013012037850359846,0.387395133822817,0.6721264148431967,0.5904974382292411,0.11997483275433793,0.8881496427718256,0.8881496427718256,,resistant_in_tested_budget,0.947468900636865,,,0.5032107843137255,,
banking_mixed_reg,regression,capsule,learned,1,mlp,-0.7507039191601554,r2,-0.7507039191601554,999.0432807868821,899.313404892048,,,1.464345578199994,0.6970117723561691,6,-0.013012037850359846,0.387395133822817,0.6721264148431967,0.5904974382292411,0.11997483275433793,0.8881496427718256,0.8881496427718256,,resistant_in_tested_budget,0.947468900636865,,,0.5032107843137255,,
banking_mixed_reg,regression,capsule,learned,1,knn,0.9073920947412847,r2,0.9073920947412847,229.77458038133247,174.8052806405594,,,1.174138025828647,0.9282801128422766,6,-0.013012037850359846,0.387395133822817,0.6721264148431967,0.5904974382292411,0.11997483275433793,0.8881496427718256,0.8881496427718256,,resistant_in_tested_budget,0.947468900636865,,,0.5032107843137255,,
banking_mixed_reg,regression,capsule_soft,learned,1,linear,0.9083541210954894,r2,0.9083541210954894,228.57799637205687,179.01704731668073,,,1.0384950225425493,0.9730721110468005,7,-0.0032301575020876484,0.42452221639253646,0.6392190025753494,0.5225156239604605,0.13984307989720227,0.9122907742655063,0.9122907742655063,,resistant_in_tested_budget,0.9388314067411537,,,0.539828431372549,,
banking_mixed_reg,regression,capsule_soft,learned,1,hgb,0.9106099128287656,r2,0.9106099128287656,225.74733478471424,167.83456980406658,,,0.9835900577726958,0.9878228705278348,7,-0.0032301575020876484,0.42452221639253646,0.6392190025753494,0.5225156239604605,0.13984307989720227,0.9122907742655063,0.9122907742655063,,resistant_in_tested_budget,0.9388314067411537,,,0.539828431372549,,
banking_mixed_reg,regression,capsule_soft,learned,1,mlp,-0.41940710528723724,r2,-0.41940710528723724,899.5626987818677,807.4204283210324,,,0.818108077522905,0.7095034690755305,7,-0.0032301575020876484,0.42452221639253646,0.6392190025753494,0.5225156239604605,0.13984307989720227,0.9122907742655063,0.9122907742655063,,resistant_in_tested_budget,0.9388314067411537,,,0.539828431372549,,
banking_mixed_reg,regression,capsule_soft,learned,1,knn,0.9074537971481014,r2,0.9074537971481014,229.69802100479941,173.3096687693592,,,1.1742178668836314,0.9207628409510673,7,-0.0032301575020876484,0.42452221639253646,0.6392190025753494,0.5225156239604605,0.13984307989720227,0.9122907742655063,0.9122907742655063,,resistant_in_tested_budget,0.9388314067411537,,,0.539828431372549,,
banking_mixed_reg,regression,capsule_tight,learned,1,linear,0.8961229548138645,r2,0.8961229548138645,243.35358304119111,191.7529591995356,,,1.0245114835147977,0.9579028302657393,4,-0.008473470048212202,0.3341923499876782,0.8019503235681295,0.5633171927555471,0.11279983115712881,0.878672671668557,0.878672671668557,,resistant_in_tested_budget,0.9354612265248852,,,0.5047549019607842,,
banking_mixed_reg,regression,capsule_tight,learned,1,hgb,0.9024405629034926,r2,0.9024405629034926,235.83735431358278,178.36483836666173,,,0.9747659814566327,0.981334289479555,4,-0.008473470048212202,0.3341923499876782,0.8019503235681295,0.5633171927555471,0.11279983115712881,0.878672671668557,0.878672671668557,,resistant_in_tested_budget,0.9354612265248852,,,0.5047549019607842,,
banking_mixed_reg,regression,capsule_tight,learned,1,mlp,-1.2471560286766468,r2,-1.2471560286766468,1131.8648297208347,1019.7176461267175,,,2.4327399515393977,0.6240962654931964,4,-0.008473470048212202,0.3341923499876782,0.8019503235681295,0.5633171927555471,0.11279983115712881,0.878672671668557,0.878672671668557,,resistant_in_tested_budget,0.9354612265248852,,,0.5047549019607842,,
banking_mixed_reg,regression,capsule_tight,learned,1,knn,0.9031104912362166,r2,0.9031104912362166,235.0262267744234,177.57381362828784,,,1.168597759921597,0.9162728901507938,4,-0.008473470048212202,0.3341923499876782,0.8019503235681295,0.5633171927555471,0.11279983115712881,0.878672671668557,0.878672671668557,,resistant_in_tested_budget,0.9354612265248852,,,0.5047549019607842,,
banking_mixed_clf,classification,identity,baseline,0,linear,0.9274074074074075,accuracy,,,,0.9274074074074075,0.9831250819170781,0.943325955634229,1.0,15,1.0,1.0,0.0,0.061466134531960426,0.9945477974247682,1.0,1.0,25.0,collapses_with_enough_pairs,1.0,0.2,0.7333333333333333,0.5218650116029598,,0.8888888888888888
banking_mixed_clf,classification,identity,baseline,0,hgb,0.9244444444444444,accuracy,,,,0.9244444444444444,0.9804272794792258,0.9428995538919339,1.0,15,1.0,1.0,0.0,0.061466134531960426,0.9945477974247682,1.0,1.0,25.0,collapses_with_enough_pairs,1.0,0.2,0.7333333333333333,0.5218650116029598,,0.8888888888888888
banking_mixed_clf,classification,identity,baseline,0,mlp,0.9244444444444444,accuracy,,,,0.9244444444444444,0.9798920879024859,0.9434145411085721,1.0,15,1.0,1.0,0.0,0.061466134531960426,0.9945477974247682,1.0,1.0,25.0,collapses_with_enough_pairs,1.0,0.2,0.7333333333333333,0.5218650116029598,,0.8888888888888888
banking_mixed_clf,classification,identity,baseline,0,knn,0.8533333333333334,accuracy,,,,0.8533333333333334,0.9290761938048844,0.9184750820475142,1.0,15,1.0,1.0,0.0,0.061466134531960426,0.9945477974247682,1.0,1.0,25.0,collapses_with_enough_pairs,1.0,0.2,0.7333333333333333,0.5218650116029598,,0.8888888888888888
banking_mixed_clf,classification,vib,learned,0,linear,0.9288888888888889,accuracy,,,,0.9288888888888889,0.982786491327712,0.9448328661064881,0.96,8,0.054606191163777164,0.34127306036874305,0.9017055249093245,0.7273630851682613,0.28421378787856005,0.8848936696245963,0.8848936696245963,,resistant_in_tested_budget,0.9352126607319485,,,0.5207539734664389,,
banking_mixed_clf,classification,vib,learned,0,hgb,0.9288888888888889,accuracy,,,,0.9288888888888889,0.9801760671064703,0.9474327248241067,0.9629629629629629,8,0.054606191163777164,0.34127306036874305,0.9017055249093245,0.7273630851682613,0.28421378787856005,0.8848936696245963,0.8848936696245963,,resistant_in_tested_budget,0.9352126607319485,,,0.5207539734664389,,
banking_mixed_clf,classification,vib,learned,0,mlp,0.917037037037037,accuracy,,,,0.917037037037037,0.9804491240333785,0.9358551297214842,0.9333333333333333,8,0.054606191163777164,0.34127306036874305,0.9017055249093245,0.7273630851682613,0.28421378787856005,0.8848936696245963,0.8848936696245963,,resistant_in_tested_budget,0.9352126607319485,,,0.5207539734664389,,
banking_mixed_clf,classification,vib,learned,0,knn,0.9259259259259259,accuracy,,,,0.9259259259259259,0.9717495303420859,0.9966092470133617,0.88,8,0.054606191163777164,0.34127306036874305,0.9017055249093245,0.7273630851682613,0.28421378787856005,0.8848936696245963,0.8848936696245963,,resistant_in_tested_budget,0.9352126607319485,,,0.5207539734664389,,
banking_mixed_clf,classification,capsule,learned,0,linear,0.9274074074074075,accuracy,,,,0.9274074074074075,0.9786032592074796,0.943325955634229,0.9733333333333334,6,-0.030048042582836127,0.3109467238194432,0.98419132431484,0.7951202994395963,0.07285050650925662,0.818080579808522,0.818080579808522,,resistant_in_tested_budget,0.9148402208291895,,,0.5072846884714742,,
banking_mixed_clf,classification,capsule,learned,0,hgb,0.9288888888888889,accuracy,,,,0.9288888888888889,0.976298658744375,0.9474327248241067,0.9540740740740741,6,-0.030048042582836127,0.3109467238194432,0.98419132431484,0.7951202994395963,0.07285050650925662,0.818080579808522,0.818080579808522,,resistant_in_tested_budget,0.9148402208291895,,,0.5072846884714742,,
banking_mixed_clf,classification,capsule,learned,0,mlp,0.9303703703703704,accuracy,,,,0.9303703703703704,0.9789090829656167,0.9494620702182426,0.9585185185185185,6,-0.030048042582836127,0.3109467238194432,0.98419132431484,0.7951202994395963,0.07285050650925662,0.818080579808522,0.818080579808522,,resistant_in_tested_budget,0.9148402208291895,,,0.5072846884714742,,
banking_mixed_clf,classification,capsule,learned,0,knn,0.9274074074074075,accuracy,,,,0.9274074074074075,0.9732568045786185,0.9982038218085831,0.8962962962962963,6,-0.030048042582836127,0.3109467238194432,0.98419132431484,0.7951202994395963,0.07285050650925662,0.818080579808522,0.818080579808522,,resistant_in_tested_budget,0.9148402208291895,,,0.5072846884714742,,
banking_mixed_clf,classification,capsule_soft,learned,0,linear,0.922962962962963,accuracy,,,,0.922962962962963,0.9768229280440387,0.9388052242174516,0.96,7,-0.002544443704672005,0.2957936967654197,0.8961130158054449,0.7896656679405182,0.08710716976666283,0.8816133025819866,0.8816133025819866,,resistant_in_tested_budget,0.9379439452993463,,,0.5047889574850037,,
banking_mixed_clf,classification,capsule_soft,learned,0,hgb,0.922962962962963,accuracy,,,,0.922962962962963,0.9760146795403906,0.9413884969145431,0.9451851851851852,7,-0.002544443704672005,0.2957936967654197,0.8961130158054449,0.7896656679405182,0.08710716976666283,0.8816133025819866,0.8816133025819866,,resistant_in_tested_budget,0.9379439452993463,,,0.5047889574850037,,
banking_mixed_clf,classification,capsule_soft,learned,0,mlp,0.9007407407407407,accuracy,,,,0.9007407407407407,0.9755450216261087,0.9192244246698908,0.9318518518518518,7,-0.002544443704672005,0.2957936967654197,0.8961130158054449,0.7896656679405182,0.08710716976666283,0.8816133025819866,0.8816133025819866,,resistant_in_tested_budget,0.9379439452993463,,,0.5047889574850037,,
banking_mixed_clf,classification,capsule_soft,learned,0,knn,0.9214814814814815,accuracy,,,,0.9214814814814815,0.9708921315915943,0.9918255226276975,0.8992592592592593,7,-0.002544443704672005,0.2957936967654197,0.8961130158054449,0.7896656679405182,0.08710716976666283,0.8816133025819866,0.8816133025819866,,resistant_in_tested_budget,0.9379439452993463,,,0.5047889574850037,,
banking_mixed_clf,classification,capsule_tight,learned,0,linear,0.9155555555555556,accuracy,,,,0.9155555555555556,0.9770905238324086,0.9312706718561558,0.9555555555555556,4,-0.029317020831373053,0.284509823939077,0.786835998772687,0.5807652395786398,0.056163579531195176,0.8104270605626038,0.8104270605626038,,resistant_in_tested_budget,0.8979785724361484,,,0.5084066727965322,,
banking_mixed_clf,classification,capsule_tight,learned,0,hgb,0.914074074074074,accuracy,,,,0.914074074074074,0.9772325134344008,0.9323221550501974,0.9303703703703704,4,-0.029317020831373053,0.284509823939077,0.786835998772687,0.5807652395786398,0.056163579531195176,0.8104270605626038,0.8104270605626038,,resistant_in_tested_budget,0.8979785724361484,,,0.5084066727965322,,
banking_mixed_clf,classification,capsule_tight,learned,0,mlp,0.9155555555555556,accuracy,,,,0.9155555555555556,0.9684291581108829,0.9343432474440667,0.9437037037037037,4,-0.029317020831373053,0.284509823939077,0.786835998772687,0.5807652395786398,0.056163579531195176,0.8104270605626038,0.8104270605626038,,resistant_in_tested_budget,0.8979785724361484,,,0.5084066727965322,,
banking_mixed_clf,classification,capsule_tight,learned,0,knn,0.9155555555555556,accuracy,,,,0.9155555555555556,0.9728963694350998,0.985447223446812,0.9051851851851852,4,-0.029317020831373053,0.284509823939077,0.786835998772687,0.5807652395786398,0.056163579531195176,0.8104270605626038,0.8104270605626038,,resistant_in_tested_budget,0.8979785724361484,,,0.5084066727965322,,
banking_mixed_clf,classification,identity,baseline,1,linear,0.9466666666666667,accuracy,,,,0.9466666666666667,0.9864922096159419,0.9596291358805763,1.0,15,0.9999999999999999,1.0,0.0,0.0627636191370087,0.9960822079590578,1.0,1.0,25.0,collapses_with_enough_pairs,1.0,0.2,0.7333333333333333,0.522610294117647,,0.8888888888888888
banking_mixed_clf,classification,identity,baseline,1,hgb,0.9377777777777778,accuracy,,,,0.9377777777777778,0.982379689276241,0.9545980927890283,1.0,15,0.9999999999999999,1.0,0.0,0.0627636191370087,0.9960822079590578,1.0,1.0,25.0,collapses_with_enough_pairs,1.0,0.2,0.7333333333333333,0.522610294117647,,0.8888888888888888
banking_mixed_clf,classification,identity,baseline,1,mlp,0.914074074074074,accuracy,,,,0.914074074074074,0.969206250139313,0.9431161571055549,1.0,15,0.9999999999999999,1.0,0.0,0.0627636191370087,0.9960822079590578,1.0,1.0,25.0,collapses_with_enough_pairs,1.0,0.2,0.7333333333333333,0.522610294117647,,0.8888888888888888
banking_mixed_clf,classification,identity,baseline,1,knn,0.8666666666666667,accuracy,,,,0.8666666666666667,0.9453168535318637,0.9168001854919369,1.0,15,0.9999999999999999,1.0,0.0,0.0627636191370087,0.9960822079590578,1.0,1.0,25.0,collapses_with_enough_pairs,1.0,0.2,0.7333333333333333,0.522610294117647,,0.8888888888888888
banking_mixed_clf,classification,vib,learned,1,linear,0.9496296296296296,accuracy,,,,0.9496296296296296,0.9850879343779952,0.96263266995219,0.9762962962962963,8,-0.015681732886689743,0.31074986817428907,0.9864682547453033,0.8682791434390598,0.34883344334232097,0.9197612456290594,0.9197612456290594,,resistant_in_tested_budget,0.9551848015029937,,,0.5088664215686275,,
banking_mixed_clf,classification,vib,learned,1,hgb,0.9481481481481482,accuracy,,,,0.9481481481481482,0.9801673985243965,0.965154469802493,0.96,8,-0.015681732886689743,0.31074986817428907,0.9864682547453033,0.8682791434390598,0.34883344334232097,0.9197612456290594,0.9197612456290594,,resistant_in_tested_budget,0.9551848015029937,,,0.5088664215686275,,
banking_mixed_clf,classification,vib,learned,1,mlp,0.9496296296296296,accuracy,,,,0.9496296296296296,0.9856228963734034,0.9798013885002603,0.9348148148148148,8,-0.015681732886689743,0.31074986817428907,0.9864682547453033,0.8682791434390598,0.34883344334232097,0.9197612456290594,0.9197612456290594,,resistant_in_tested_budget,0.9551848015029937,,,0.5088664215686275,,
banking_mixed_clf,classification,vib,learned,1,knn,0.9422222222222222,accuracy,,,,0.9422222222222222,0.9667209058689789,0.9967263555091825,0.8859259259259259,8,-0.015681732886689743,0.31074986817428907,0.9864682547453033,0.8682791434390598,0.34883344334232097,0.9197612456290594,0.9197612456290594,,resistant_in_tested_budget,0.9551848015029937,,,0.5088664215686275,,
banking_mixed_clf,classification,capsule,learned,1,linear,0.9451851851851852,accuracy,,,,0.9451851851851852,0.985550453603192,0.9581273688447696,0.965925925925926,6,-0.03679423599569823,0.3302074317599419,0.9458937590281167,0.7784729899301739,0.08145542431463589,0.8567503572550412,0.8567503572550412,,resistant_in_tested_budget,0.9289003262363456,,,0.5060477941176471,,
banking_mixed_clf,classification,capsule,learned,1,hgb,0.9451851851851852,accuracy,,,,0.9451851851851852,0.985405568062769,0.9621383620843602,0.9629629629629629,6,-0.03679423599569823,0.3302074317599419,0.9458937590281167,0.7784729899301739,0.08145542431463589,0.8567503572550412,0.8567503572550412,,resistant_in_tested_budget,0.9289003262363456,,,0.5060477941176471,,
banking_mixed_clf,classification,capsule,learned,1,mlp,0.9437037037037037,accuracy,,,,0.9437037037037037,0.9846031250696564,0.9736871832678095,0.9259259259259259,6,-0.03679423599569823,0.3302074317599419,0.9458937590281167,0.7784729899301739,0.08145542431463589,0.8567503572550412,0.8567503572550412,,resistant_in_tested_budget,0.9289003262363456,,,0.5060477941176471,,
banking_mixed_clf,classification,capsule,learned,1,knn,0.9422222222222222,accuracy,,,,0.9422222222222222,0.9764951073267504,0.9967263555091825,0.88,6,-0.03679423599569823,0.3302074317599419,0.9458937590281167,0.7784729899301739,0.08145542431463589,0.8567503572550412,0.8567503572550412,,resistant_in_tested_budget,0.9289003262363456,,,0.5060477941176471,,
banking_mixed_clf,classification,capsule_soft,learned,1,linear,0.9481481481481482,accuracy,,,,0.9481481481481482,0.9868655685085707,0.9611309029163833,0.9688888888888889,7,-0.018894208819014716,0.2945398819825204,0.8638483992179065,0.683110564361951,0.08049024958805734,0.886418047590676,0.886418047590676,,resistant_in_tested_budget,0.9483295169339971,,,0.5026225490196078,,
banking_mixed_clf,classification,capsule_soft,learned,1,hgb,0.9481481481481482,accuracy,,,,0.9481481481481482,0.985394423021198,0.965154469802493,0.96,7,-0.018894208819014716,0.2945398819825204,0.8638483992179065,0.683110564361951,0.08049024958805734,0.886418047590676,0.886418047590676,,resistant_in_tested_budget,0.9483295169339971,,,0.5026225490196078,,
banking_mixed_clf,classification,capsule_soft,learned,1,mlp,0.9496296296296296,accuracy,,,,0.9496296296296296,0.9865590798653678,0.9798013885002603,0.922962962962963,7,-0.018894208819014716,0.2945398819825204,0.8638483992179065,0.683110564361951,0.08049024958805734,0.886418047590676,0.886418047590676,,resistant_in_tested_budget,0.9483295169339971,,,0.5026225490196078,,
banking_mixed_clf,classification,capsule_soft,learned,1,knn,0.9451851851851852,accuracy,,,,0.9451851851851852,0.9785346499342443,0.999860715117702,0.88,7,-0.018894208819014716,0.2945398819825204,0.8638483992179065,0.683110564361951,0.08049024958805734,0.886418047590676,0.886418047590676,,resistant_in_tested_budget,0.9483295169339971,,,0.5026225490196078,,
banking_mixed_clf,classification,capsule_tight,learned,1,linear,0.9111111111111111,accuracy,,,,0.9111111111111111,0.9741769386799812,0.9235867270212119,0.9259259259259259,4,-0.04460782097085321,0.2934175573981109,0.7454322871660829,0.6783583081730605,0.060530507025525884,0.7423153554028564,0.7423153554028564,,resistant_in_tested_budget,0.8495958248475742,,,0.5051899509803922,,
banking_mixed_clf,classification,capsule_tight,learned,1,hgb,0.9111111111111111,accuracy,,,,0.9111111111111111,0.9710117468738159,0.9274531233258331,0.9348148148148148,4,-0.04460782097085321,0.2934175573981109,0.7454322871660829,0.6783583081730605,0.060530507025525884,0.7423153554028564,0.7423153554028564,,resistant_in_tested_budget,0.8495958248475742,,,0.5051899509803922,,
banking_mixed_clf,classification,capsule_tight,learned,1,mlp,0.9125925925925926,accuracy,,,,0.9125925925925926,0.9741992287631234,0.9415876057974422,0.9303703703703704,4,-0.04460782097085321,0.2934175573981109,0.7454322871660829,0.6783583081730605,0.060530507025525884,0.7423153554028564,0.7423153554028564,,resistant_in_tested_budget,0.8495958248475742,,,0.5051899509803922,,
banking_mixed_clf,classification,capsule_tight,learned,1,knn,0.9081481481481481,accuracy,,,,0.9081481481481481,0.9728060985667476,0.960681220011209,0.92,4,-0.04460782097085321,0.2934175573981109,0.7454322871660829,0.6783583081730605,0.060530507025525884,0.7423153554028564,0.7423153554028564,,resistant_in_tested_budget,0.8495958248475742,,,0.5051899509803922,,
