dataset,Method,Model,Dimensions,Raw R2,Transformed R2,R2 Retention,dR2,Raw RMSE,Transformed RMSE,RMSE Ratio,Reconstruction R2 (known-pair ridge),Worst Attribute Leakage,Known-Pair Robustness
openml_superconduct,raw,HistGradientBoostingRegressor,81.0,0.9129174043181,0.9129174043181,1.0,0.0,10.091453626126029,10.091453626126029,1.0,0.9996398735623976,1.0,collapses_with_enough_pairs
openml_superconduct,gauss,HistGradientBoostingRegressor,81.0,0.9129174043181,0.9129174043181,1.0,0.0,10.091453626126029,10.091453626126029,1.0,0.9493743786613804,0.99109773539766,collapses_with_enough_pairs
openml_superconduct,gauss_white,HistGradientBoostingRegressor,81.0,0.9129174043181,0.8939744166755391,0.9792427984143348,-0.0189429876425608,10.091453626126029,11.13405143303244,1.103186209414474,0.9485964445435804,0.9909708353784692,collapses_with_enough_pairs
openml_superconduct,gauss_white_rot,HistGradientBoostingRegressor,81.0,0.9129174043181,0.8754076588873633,0.9588972305293756,-0.0375097454307368,10.091453626126029,12.068137202825008,1.1956267738483404,0.9485964445435804,0.9909708353784692,collapses_with_enough_pairs
openml_superconduct,gw_q8,HistGradientBoostingRegressor,81.0,0.9129174043181,0.8759480760045601,0.9594980107366248,-0.0369693283135399,10.091453626126029,12.044462073861538,1.1935214560522291,0.8543156343280457,0.8987228072230974,partial_recovery_with_enough_pairs
openml_superconduct,gw_q16,HistGradientBoostingRegressor,81.0,0.9129174043181,0.8852513309968261,0.9696862022613818,-0.0276660733212739,10.091453626126029,11.582926434895226,1.1476725159031202,0.9159404147215784,0.9604395924319375,collapses_with_enough_pairs
openml_superconduct,gw_q32,HistGradientBoostingRegressor,81.0,0.9129174043181,0.8888272846875127,0.9736085840617638,-0.0240901196305873,10.091453626126029,11.401796598067431,1.1298631032778776,0.9337388393817132,0.9776266488723868,collapses_with_enough_pairs
openml_superconduct,gw_q64,HistGradientBoostingRegressor,81.0,0.9129174043181,0.8905955086379729,0.9755438912937974,-0.0223218956801273,10.091453626126029,11.310598647826575,1.120769561746962,0.9382777434726376,0.9825603432526944,collapses_with_enough_pairs
openml_superconduct,gw_q16_rot,HistGradientBoostingRegressor,81.0,0.9129174043181,0.8668177201125431,0.9494845784317602,-0.046099684205557,10.091453626126029,12.475895469550146,1.2359902158642189,0.9159404147215784,0.9604395924319375,collapses_with_enough_pairs
openml_superconduct,gw_q16_p90_rot,HistGradientBoostingRegressor,73.0,0.9129174043181,0.8605623472711675,0.9426460807102798,-0.0523550570469326,10.091453626126029,12.77011019361926,1.2655314989008477,0.8262628666695179,0.917307284225743,partial_recovery_with_enough_pairs
openml_superconduct,gw_q16_p80_rot,HistGradientBoostingRegressor,65.0,0.9129174043181,0.8555884593685225,0.9372079367830988,-0.0573289449495777,10.091453626126029,12.996787768803138,1.288274201043725,0.7197156080708602,0.8446130877280048,partial_recovery_with_enough_pairs
openml_superconduct,gw_q16_p70_rot,HistGradientBoostingRegressor,57.0,0.9129174043181,0.8527797767941488,0.9341290579460414,-0.0601376275239512,10.091453626126029,13.122296224737696,1.300663176276604,0.6522964108901196,0.7880336750754409,partial_recovery_with_enough_pairs
openml_superconduct,gw_q16_p50_rot,HistGradientBoostingRegressor,40.0,0.9129174043181,0.8287719148772367,0.9078272120128912,-0.0841454894408634,10.091453626126029,14.149721848412128,1.402457822477113,0.4554230820668687,0.6384699158983141,resistant_in_tested_budget
openml_superconduct,bn50,HistGradientBoostingRegressor,40.0,0.9129174043181,0.8987664216402275,0.9845005762211032,-0.0141509826778726,10.091453626126029,10.88004962616941,1.0782631384991035,0.8181564652717901,0.9350598805247446,partial_recovery_with_enough_pairs
openml_superconduct,bn50_rot,HistGradientBoostingRegressor,40.0,0.9129174043181,0.9037140718170722,0.9899201658519262,-0.0092033325010279,10.091453626126029,10.611541711544051,1.051630069737149,0.8181564652717901,0.9350598805247448,partial_recovery_with_enough_pairs
openml_superconduct,bn50_q16_rot,HistGradientBoostingRegressor,40.0,0.9129174043181,0.8926624714186359,0.97780868723662,-0.0202549328994642,10.091453626126029,11.202159966303055,1.110037575450211,0.7565849759880297,0.9126541964758008,partial_recovery_with_enough_pairs
openml_superconduct,bn50_adv_rot,HistGradientBoostingRegressor,40.0,0.9129174043181,0.9039074648645404,0.9901225612555974,-0.0090099394535596,10.091453626126029,10.59854783510214,1.0500417809870128,0.7268715827349473,0.9014508928369106,partial_recovery_with_enough_pairs
banking_d80,raw,HistGradientBoostingRegressor,80.0,0.9723329793073962,0.9723329793073962,1.0,0.0,0.4863297475779424,0.4863297475779424,1.0,0.999666492421014,0.9999843000949714,collapses_with_enough_pairs
banking_d80,gauss,HistGradientBoostingRegressor,80.0,0.9723329793073962,0.9723329793073962,1.0,0.0,0.4863297475779424,0.4863297475779424,1.0,0.923367278614626,0.9998256842015234,collapses_with_enough_pairs
banking_d80,gauss_white,HistGradientBoostingRegressor,80.0,0.9723329793073962,0.8779318705166984,0.9029126596051972,-0.0944011087906977,0.4863297475779424,1.0227191671596454,2.1043662677683286,0.922888851276629,0.9998770102128484,collapses_with_enough_pairs
banking_d80,gauss_white_rot,HistGradientBoostingRegressor,80.0,0.9723329793073962,0.8088878191913285,0.831902881190684,-0.1634451601160677,0.4863297475779424,1.2797789554726566,2.633111182834897,0.922888851276629,0.9998770102128484,collapses_with_enough_pairs
banking_d80,gw_q8,HistGradientBoostingRegressor,80.0,0.9723329793073962,0.8433397200114986,0.8673283020879853,-0.1289932592958976,0.4863297475779424,1.1582062695437492,2.38275235114391,0.8123378001519653,0.8715786149941556,partial_recovery_with_enough_pairs
banking_d80,gw_q16,HistGradientBoostingRegressor,80.0,0.9723329793073962,0.8734435620655093,0.8982941525362741,-0.0988894172418868,0.4863297475779424,1.041279197371525,2.142241054910919,0.8873113634262689,0.9529614196245172,partial_recovery_with_enough_pairs
banking_d80,gw_q32,HistGradientBoostingRegressor,80.0,0.9723329793073962,0.8800289103615232,0.905069264249454,-0.0923040689458729,0.4863297475779424,1.0138782140188478,2.086173796888382,0.9046193450753668,0.9721908501977076,collapses_with_enough_pairs
banking_d80,gw_q64,HistGradientBoostingRegressor,80.0,0.9723329793073962,0.8817754804183822,0.9068688886473149,-0.090557498889014,0.4863297475779424,1.0066193568566233,2.071508043483814,0.9092797331108456,0.9778616609514508,collapses_with_enough_pairs
banking_d80,gw_q16_rot,HistGradientBoostingRegressor,80.0,0.9723329793073962,0.7904167976624902,0.8128968049683811,-0.181916181644906,0.4863297475779424,1.3398488952981829,2.756236772721106,0.8873113634262689,0.9529614196245172,partial_recovery_with_enough_pairs
banking_d80,gw_q16_p90_rot,HistGradientBoostingRegressor,72.0,0.9723329793073962,0.7538939110586341,0.775328675474595,-0.2184390682487619,0.4863297475779424,1.45175308631658,2.986220763309684,0.799213175318218,0.8957875916130696,partial_recovery_with_enough_pairs
banking_d80,gw_q16_p80_rot,HistGradientBoostingRegressor,64.0,0.9723329793073962,0.7269918412359524,0.7476477355066301,-0.2453411380714437,0.4863297475779424,1.528376305006544,3.1434839469846487,0.7091790939147261,0.8058458384166519,partial_recovery_with_enough_pairs
banking_d80,gw_q16_p70_rot,HistGradientBoostingRegressor,56.0,0.9723329793073962,0.6847862656017784,0.7042112681057202,-0.2875467137056178,0.4863297475779424,1.6403993770090306,3.3728858005020776,0.6260877702192872,0.7523718139055456,partial_recovery_with_enough_pairs
banking_d80,gw_q16_p50_rot,HistGradientBoostingRegressor,40.0,0.9723329793073962,0.5486117275007956,0.564188144520776,-0.4237212518066006,0.4863297475779424,1.965997390941994,4.043661489954039,0.4401641195767981,0.5930356886417556,resistant_in_tested_budget
banking_d80,bn50,HistGradientBoostingRegressor,40.0,0.9723329793073962,0.9788834181262984,1.0067382994540517,0.0065504388189023,0.4863297475779424,0.4249670777169645,0.8738379977269036,0.834598225742587,0.9510777404533876,partial_recovery_with_enough_pairs
banking_d80,bn50_rot,HistGradientBoostingRegressor,40.0,0.9723329793073962,0.9786278709054618,1.0064756232475858,0.0062948915980655,0.4863297475779424,0.4275711611039501,0.8792225336223957,0.8345982257425874,0.9510777404533878,partial_recovery_with_enough_pairs
banking_d80,bn50_q16_rot,HistGradientBoostingRegressor,40.0,0.9723329793073962,0.9768501369186228,1.0046473638723212,0.0045171576112267,0.4863297475779424,0.4450468705584581,0.9151772936536644,0.749692742600896,0.9248678197203754,partial_recovery_with_enough_pairs
banking_d80,bn50_adv_rot,HistGradientBoostingRegressor,40.0,0.9723329793073962,0.9781296098441308,1.0059641402657606,0.0057966305367345,0.4863297475779424,0.4327348321861652,0.8900715553307587,0.7851585196520084,0.935993432170897,partial_recovery_with_enough_pairs
banking_d200,raw,HistGradientBoostingRegressor,200.0,0.9703568205103288,0.9703568205103288,1.0,0.0,0.4936299119209428,0.4936299119209428,1.0,0.9994979582890848,0.9999741326979328,collapses_with_enough_pairs
banking_d200,gauss,HistGradientBoostingRegressor,200.0,0.9703568205103288,0.9703568205103288,1.0,0.0,0.4936299119209428,0.4936299119209428,1.0,0.9172649439231292,0.9998199383955324,collapses_with_enough_pairs
banking_d200,gauss_white,HistGradientBoostingRegressor,200.0,0.9703568205103288,0.8367828909105993,0.8623459577526003,-0.1335739295997295,0.4936299119209428,1.1580162185423517,2.346985086582982,0.9151624269263646,0.9999061945544844,collapses_with_enough_pairs
banking_d200,gauss_white_rot,HistGradientBoostingRegressor,200.0,0.9703568205103288,0.66417133043328,0.684454330804339,-0.3061854900770488,0.4936299119209428,1.6615173450186134,3.36574746498442,0.9151624269263646,0.9999061945544844,collapses_with_enough_pairs
banking_d200,gw_q8,HistGradientBoostingRegressor,200.0,0.9703568205103288,0.8002389643861214,0.8246844226751051,-0.1701178561242075,0.4936299119209428,1.2810499329236882,2.596136321544922,0.7446450771729894,0.8309999212270983,partial_recovery_with_enough_pairs
banking_d200,gw_q16,HistGradientBoostingRegressor,200.0,0.9703568205103288,0.8308446533211953,0.8562263375520368,-0.1395121671891336,0.4936299119209428,1.1789038628000332,2.389312080923937,0.8526005788030999,0.9127484918767276,partial_recovery_with_enough_pairs
banking_d200,gw_q32,HistGradientBoostingRegressor,200.0,0.9703568205103288,0.8396757825293476,0.8653274206965298,-0.1306810379809813,0.4936299119209428,1.1476230856509542,2.326051543677062,0.8739431141031578,0.937208068736904,partial_recovery_with_enough_pairs
banking_d200,gw_q64,HistGradientBoostingRegressor,200.0,0.9703568205103288,0.8371499293763026,0.8627240292207826,-0.1332068911340264,0.4936299119209428,1.1566497095268993,2.3442390140602165,0.8802850801451996,0.9453126736750314,partial_recovery_with_enough_pairs
banking_d200,gw_q16_rot,HistGradientBoostingRegressor,200.0,0.9703568205103288,0.6311078956730497,0.6503876563579976,-0.3392489248372791,0.4936299119209428,1.7410289371395933,3.528082106388197,0.8526005788030998,0.9127484918767274,partial_recovery_with_enough_pairs
banking_d200,gw_q16_p90_rot,HistGradientBoostingRegressor,180.0,0.9703568205103288,0.5922355358524557,0.6103328002547252,-0.3781212846578732,0.4936299119209428,1.8299409398715332,3.709097867766309,0.7482707703092073,0.8370318354093914,partial_recovery_with_enough_pairs
banking_d200,gw_q16_p80_rot,HistGradientBoostingRegressor,160.0,0.9703568205103288,0.5666427694932301,0.5839480411997288,-0.4037140510170987,0.4936299119209428,1.8867495734341169,3.821889721577785,0.6449658176026785,0.7361038627075067,partial_recovery_with_enough_pairs
banking_d200,gw_q16_p70_rot,HistGradientBoostingRegressor,140.0,0.9703568205103288,0.5343847674327734,0.5507007789365505,-0.4359720530775555,0.4936299119209428,1.9562523403019572,3.96232388555166,0.550439323345982,0.6486333866416226,partial_recovery_with_enough_pairs
banking_d200,gw_q16_p50_rot,HistGradientBoostingRegressor,100.0,0.9703568205103288,0.4351463231294568,0.4484330043688782,-0.5352104973808719,0.4936299119209428,2.154446729902204,4.364426959767818,0.3701515827672015,0.4830033919175174,resistant_in_tested_budget
banking_d200,bn50,HistGradientBoostingRegressor,100.0,0.9703568205103288,0.9780948672296614,1.0079754155357648,0.0077380467193326,0.4936299119209428,0.4240903815277083,0.8598834194364637,0.8806812971244469,0.9698702380132672,partial_recovery_with_enough_pairs
banking_d200,bn50_rot,HistGradientBoostingRegressor,100.0,0.9703568205103288,0.9781513149952964,1.0080332767052245,0.0077944944849675,0.4936299119209428,0.423645095499924,0.858727272632892,0.8806812971244465,0.9698702380132675,partial_recovery_with_enough_pairs
banking_d200,bn50_q16_rot,HistGradientBoostingRegressor,100.0,0.9703568205103288,0.9766514068743948,1.0064875508924624,0.0062945863640657,0.4936299119209428,0.4379838796127493,0.8877248910720198,0.8190892182900976,0.9560132085076066,partial_recovery_with_enough_pairs
banking_d200,bn50_adv_rot,HistGradientBoostingRegressor,100.0,0.9703568205103288,0.9773100567678558,1.0071659367110095,0.0069532362575269,0.4936299119209428,0.4318383665098117,0.874974830263923,0.8512571803990361,0.9522648963360546,partial_recovery_with_enough_pairs
