dataset,dataset_kind,dataset_n,dataset_d,method,seed,out_dim,r2,rmse,mae,train_time_s,infer_time_s,r2_raw,rmse_raw,mae_raw,r2_retention,delta_r2,rmse_ratio,mae_ratio,distance_preservation,semantic_unpaired_acc,semantic_paired_acc,semantic_max_abs_corr,recon_r2_knownpair_ridge,worst_attr_knownpair_ridge,known_pair_robustness,z_mean_abs_skew,z_offdiag_corr_mean_abs,aux_random_rot_r2,aux_ica_r2,neural_best_r2,neural_best_worst_attr
openml_superconduct,real,21263,81,raw,0,81,0.9093865184663978,10.342563455573,6.312702235404822,2.069187245999956,0.007574264000140829,0.9093865184663978,10.342563455573,6.312702235404822,1.0,0.0,1.0,1.0,1.0,0.9259259259259259,1.0,1.0,0.9996851617062281,1.0,collapses_with_enough_pairs,1.0471672304445736,0.3417827578855114,-0.9612836525715374,-7.358653910876433,0.9899484700093615,0.9964687721858648
openml_superconduct,real,21263,81,gauss,0,81,0.9093865184663978,10.342563455573,6.312702235404822,2.1262149609999597,0.007417411999995238,0.9093865184663978,10.342563455573,6.312702235404822,1.0,0.0,1.0,1.0,0.5587311950889172,0.024691358024691357,1.0,0.987742463124737,0.9502569953471969,0.9904412316980897,collapses_with_enough_pairs,0.7003450233818905,0.3322541960919491,-1.0157493008292466,-7.347148379455386,,
openml_superconduct,real,21263,81,gauss_white,0,81,0.8880353837457566,11.496673123465238,7.527664781355476,1.9625654399999348,0.008818195999992895,0.9093865184663978,10.342563455573,6.312702235404822,0.9765213863554432,-0.021351134720641207,1.1115883574560381,1.1924631482119545,0.35409330078755086,0.012345679012345678,1.0,0.6695565268524094,0.9495779133765453,0.9902796131581904,collapses_with_enough_pairs,0.8725862349732074,2.4360522617962874e-06,-0.9855164605516267,-7.389789540512233,,
openml_superconduct,real,21263,81,gauss_white_rot,0,81,0.8691059288435702,12.430590890575278,8.239627726869347,2.1076166880000073,0.009780468999906589,0.9093865184663978,10.342563455573,6.312702235404822,0.9557057545885358,-0.040280589622827656,1.2018868382071335,1.3052457441533285,0.35409330078755086,0.0,0.024691358024691357,0.44156915389126933,0.9495779133765453,0.9902796131581905,collapses_with_enough_pairs,0.2222593039967388,5.638116203609557e-06,-1.0063103195582792,-7.397257732355655,0.9786269652214584,0.9901426015144559
openml_superconduct,real,21263,81,gw_q8,0,81,0.8708215948911701,12.348856522224793,8.450845326014198,2.2135559030000422,0.009223989000020083,0.9093865184663978,10.342563455573,6.312702235404822,0.9575923737683464,-0.03856492357522778,1.1939841196304886,1.338704885938955,0.409963336629124,0.0,1.0,0.65435326553285,0.8559641774429214,0.9024080330225661,partial_recovery_with_enough_pairs,0.34851328613057186,0.010843221729019746,-0.9802879663580205,-7.379320181631048,,
openml_superconduct,real,21263,81,gw_q16,0,81,0.8802326438353529,11.890524632674744,7.936788870279939,2.121398060999809,0.007874125999933312,0.9093865184663978,10.342563455573,6.312702235404822,0.9679411624880799,-0.029153874631044907,1.149669004570394,1.2572728087452658,0.40904049016876026,0.0,1.0,0.6648246642142275,0.9182424163880154,0.9616815704621043,collapses_with_enough_pairs,0.4094854114870481,0.006934933961124725,-0.9798654217047984,-7.398812411364814,,
openml_superconduct,real,21263,81,gw_q32,0,81,0.8860089378439348,11.600245642379845,7.631946346554217,2.040666268999985,0.009136162999993758,0.9093865184663978,10.342563455573,6.312702235404822,0.9742930204618743,-0.02337758062246309,1.1216025593857153,1.2089824708902646,0.4090551755264307,0.0,1.0,0.6684083589939053,0.9355708229335853,0.9783319853261887,collapses_with_enough_pairs,0.43182475639818985,0.0058930543416696925,-0.9809529257624738,-7.377643839686819,,
openml_superconduct,real,21263,81,gw_q64,0,81,0.8867511995721636,11.562416005164618,7.541266290343078,2.125934503999815,0.008000228000128118,0.9093865184663978,10.342563455573,6.312702235404822,0.9751092429516035,-0.022635318894234202,1.1179448939164411,1.194617773676675,0.4080392527063155,0.0,1.0,0.6702126238767416,0.940571402784305,0.9832730200458978,collapses_with_enough_pairs,0.4421750845682721,0.0055414754581295,-0.9808992457926278,-7.390366850898549,,
openml_superconduct,real,21263,81,gw_q16_rot,0,81,0.8613291518584081,12.794531017541988,8.529439565247646,2.311048871999901,0.008246698999982982,0.9093865184663978,10.342563455573,6.312702235404822,0.9471540806553473,-0.04805736660798976,1.2370754187297508,1.3511550596209405,0.4090404901687602,0.0,0.024691358024691357,0.4467364619771153,0.9182424163880154,0.9616815704621043,collapses_with_enough_pairs,0.18342125303789986,0.011643750986420452,-1.0102295280350502,-7.384843781917998,0.9656530144821724,0.9797605910076945
openml_superconduct,real,21263,81,gw_q16_p90_rot,0,73,0.8565517606278401,13.013058936220993,8.759461501218205,2.2380313770001976,0.00967987500007439,0.9093865184663978,10.342563455573,6.312702235404822,0.9419006585586303,-0.05283475783855773,1.2582044086187376,1.387593010817257,0.40610647943257094,0.0273972602739726,0.0,0.4023994844332966,0.8227384259391932,0.9181963842259075,partial_recovery_with_enough_pairs,0.1907202075464323,0.011690290593119676,-0.9572486587516077,-7.380681321758518,,
openml_superconduct,real,21263,81,gw_q16_p80_rot,0,65,0.8544276352598477,13.10905102974724,8.89801675012978,2.0033258710000155,0.008287841000083063,0.9093865184663978,10.342563455573,6.312702235404822,0.9395648801796253,-0.05495888320655018,1.267485675679712,1.4095416540043992,0.39342402176766955,0.03076923076923077,0.015384615384615385,0.3647129691025311,0.7209134655535785,0.8481545227927394,partial_recovery_with_enough_pairs,0.19342712736429288,0.011440566626380823,-1.0021398220403095,-7.393649083397042,,
openml_superconduct,real,21263,81,gw_q16_p70_rot,0,57,0.8518067052589082,13.22653429755294,9.141415273325475,1.9433047289999195,0.008087354999815943,0.9093865184663978,10.342563455573,6.312702235404822,0.9366827943473441,-0.057579813207489616,1.278844877710268,1.448098600636634,0.3825132150139022,0.0,0.017543859649122806,0.39053977130841977,0.6402202373609163,0.8123847522031,partial_recovery_with_enough_pairs,0.16793555510750408,0.011702791793385202,-1.004559291005466,-7.4016675894743,,
openml_superconduct,real,21263,81,gw_q16_p50_rot,0,40,0.8306607686944028,14.138735747096154,9.885421416783954,2.3008906119998755,0.008160696999993888,0.9093865184663978,10.342563455573,6.312702235404822,0.9134298253016118,-0.07872574977199509,1.36704365487626,1.5659571841265567,0.3874252475308365,0.05,0.025,0.3777874613016773,0.4780787859689234,0.6554774828366158,resistant_in_tested_budget,0.16778862517891263,0.011993135172840431,-0.9706816867671227,-7.3958439445840485,0.8884066773727357,0.9374238201450429
openml_superconduct,real,21263,81,bn50,0,40,0.8981487693901908,10.96515880812342,6.586150484167213,2.117703161999998,0.0070987619999414164,0.9093865184663978,10.342563455573,6.312702235404822,0.9876424943101658,-0.011237749076207004,1.0601973925733992,1.0433171466933377,0.2473284263356578,0.05,0.0,0.8415401751930796,0.8207231940021877,0.943354719853964,partial_recovery_with_enough_pairs,0.3702757689188001,0.7303499470792277,-0.9988589754050179,-7.337656661129308,,
openml_superconduct,real,21263,81,bn50_rot,0,40,0.9017833833384048,10.767732808372095,6.493790192902247,2.1938690740000766,0.0072805150000476715,0.9093865184663978,10.342563455573,6.312702235404822,0.9916392700203923,-0.007603135127993044,1.0411087013993612,1.0286862821569174,0.24732842633565785,0.05,0.025,0.8371563622611599,0.8207231940021873,0.9433547198539642,partial_recovery_with_enough_pairs,0.4731870652515832,0.5082917091025605,-1.0458142289184575,-7.342419866079912,,
openml_superconduct,real,21263,81,bn50_q16_rot,0,40,0.8908134355362008,11.35315026964436,6.885611884860825,2.124922227999832,0.007406276999972761,0.9093865184663978,10.342563455573,6.312702235404822,0.9795762499739726,-0.018573082930196994,1.0977114444027718,1.0907550567240185,0.24425470726340945,0.05,0.025,0.83158017030991,0.7552183278701946,0.9265311288386369,partial_recovery_with_enough_pairs,0.4438540814592112,0.4944711014053371,-1.0456120882928384,-7.377800912438162,0.8976275389538322,0.9579505139563532
openml_superconduct,real,21263,81,bn50_adv_rot,0,40,0.8990630287997667,10.915833933740021,6.495985004447074,2.1236465420001878,0.007193122999979096,0.9093865184663978,10.342563455573,6.312702235404822,0.9886478527479814,-0.010323489666631103,1.055428277586068,1.029033963936127,0.21601285822389496,0.0,0.0,0.7237134938931917,0.7205082930102842,0.8886728100723839,partial_recovery_with_enough_pairs,0.36750515588950244,0.46680732380382417,-0.9385472708750248,-7.337782627445053,,
openml_superconduct,real,21263,81,raw,1,81,0.9121597397648894,10.131034429006785,6.234049616469037,2.1238654730000235,0.007382626999969943,0.9121597397648894,10.131034429006785,6.234049616469037,1.0,0.0,1.0,1.0,0.9999999999999999,0.9012345679012346,1.0,1.0,0.9996588007527446,1.0,collapses_with_enough_pairs,1.0410265428183958,0.34060836731558614,-0.982770975335342,-7.571332744700995,,
openml_superconduct,real,21263,81,gauss,1,81,0.9121597397648894,10.131034429006785,6.234049616469037,2.1621948270001212,0.009987846000058198,0.9121597397648894,10.131034429006785,6.234049616469037,1.0,0.0,1.0,1.0,0.5684258588960261,0.037037037037037035,1.0,0.9879714213271906,0.9511265558485269,0.9921198962575647,collapses_with_enough_pairs,0.7081708935553931,0.33342815644452534,-1.004065530458859,-7.541288923740636,,
openml_superconduct,real,21263,81,gauss_white,1,81,0.8934809207278066,11.15631289785971,7.271630876161424,1.905433617999961,0.007955723000122816,0.9121597397648894,10.131034429006785,6.234049616469037,0.9795224254888762,-0.018678819037082794,1.1012017554611588,1.166437760930121,0.3469388331800011,0.0,1.0,0.6708774722254631,0.9500799011030868,0.991987418479889,collapses_with_enough_pairs,0.8791142208006503,2.479433143152091e-06,-1.0309894841125335,-7.6226950369824635,,
openml_superconduct,real,21263,81,gauss_white_rot,1,81,0.8717555644622155,12.241263587299239,7.930261892911108,2.024401549999993,0.008179510999980266,0.9121597397648894,10.131034429006785,6.234049616469037,0.9557049346279105,-0.04040417530267393,1.2082935531489782,1.2720883503976352,0.34693883318000096,0.012345679012345678,0.04938271604938271,0.3706192446208754,0.9500799011030868,0.991987418479889,collapses_with_enough_pairs,0.23647092716332174,5.899013886963493e-06,-0.9972580499022371,-7.6242648301097375,,
openml_superconduct,real,21263,81,gw_q8,1,81,0.874849093243067,12.09271965208335,8.166387572557678,2.0491130309999335,0.007848661000025459,0.9121597397648894,10.131034429006785,6.234049616469037,0.9590963677793549,-0.037310646521822366,1.1936312858102567,1.309965122989046,0.4345546912184013,0.0,1.0,0.6545207058373739,0.8508205455712584,0.8926381908767219,partial_recovery_with_enough_pairs,0.34974842696586145,0.010890100634242159,-1.0333375744575677,-7.6203651729969,,
openml_superconduct,real,21263,81,gw_q16,1,81,0.8826802335454826,11.708265963775606,7.7926687433555415,2.0668167209998956,0.008395032999942487,0.9121597397648894,10.131034429006785,6.234049616469037,0.9676816406882799,-0.02947950621940676,1.1556831679747284,1.2500171193326666,0.4406963005274148,0.0,1.0,0.6654807397160596,0.9145500647499083,0.9602164618805401,collapses_with_enough_pairs,0.408504705233589,0.007003793950924829,-1.0327811896936412,-7.6254027957392125,,
openml_superconduct,real,21263,81,gw_q32,1,81,0.8854579564183334,11.568830231317175,7.682717387062474,2.162166171000081,0.007968540000092617,0.9121597397648894,10.131034429006785,6.234049616469037,0.9707268560729961,-0.02670178334655604,1.1419199403955975,1.2323798910368573,0.44250716023881614,0.0,1.0,0.6698141063718525,0.933176811107019,0.9770566092396068,collapses_with_enough_pairs,0.43201616549039606,0.005953477524078124,-1.0321235677925584,-7.6318426415667915,,
openml_superconduct,real,21263,81,gw_q64,1,81,0.8880196497655974,11.438732267703973,7.512575295695834,2.30842167600008,0.00803576999987854,0.9121597397648894,10.131034429006785,6.234049616469037,0.9735352384599718,-0.024140089999291958,1.1290784122648954,1.2050875045731435,0.4423251007641357,0.0,1.0,0.6706927539117375,0.9377415046608596,0.9821052964766329,collapses_with_enough_pairs,0.4412901008583861,0.0056209855352569215,-1.032499147749078,-7.622898711030825,,
openml_superconduct,real,21263,81,gw_q16_rot,1,81,0.8603068625775994,12.775988732142617,8.558273251918052,2.1832236889999876,0.00901216499983093,0.9121597397648894,10.131034429006785,6.234049616469037,0.9431537318226134,-0.051852877187290036,1.2610744560854419,1.3728272597171682,0.4406963005274149,0.024691358024691357,0.04938271604938271,0.37615191076680515,0.9145500647499085,0.9602164618805401,collapses_with_enough_pairs,0.1948170148642858,0.011269353489665587,-0.9988709398341209,-7.624840090498987,,
openml_superconduct,real,21263,81,gw_q16_p90_rot,1,73,0.8585471216097063,12.856207667063709,8.675655009637111,2.1600719670000217,0.008244693000051484,0.9121597397648894,10.131034429006785,6.234049616469037,0.9412245291937552,-0.053612618155183145,1.268992594700331,1.3916563940585058,0.44251806458788745,0.0,0.0136986301369863,0.3608750849506121,0.8414295159748066,0.9204087972117015,partial_recovery_with_enough_pairs,0.16972225738081323,0.011240071454532544,-1.04911653761816,-7.6309213089981345,,
openml_superconduct,real,21263,81,gw_q16_p80_rot,1,65,0.8542511877248152,13.049969496570174,8.816618233143812,2.2347851530000753,0.008365267000044696,0.9121597397648894,10.131034429006785,6.234049616469037,0.936514900279418,-0.05790855204007417,1.2881181668089101,1.4142682165782217,0.4429495017474143,0.0,0.015384615384615385,0.381788527081511,0.7380926857291571,0.8512955853420161,partial_recovery_with_enough_pairs,0.1622496590922997,0.011398551735628553,-1.0244845833464469,-7.612354236398869,,
openml_superconduct,real,21263,81,gw_q16_p70_rot,1,57,0.8500369217000581,13.237292264287035,8.99003419469346,2.0591163849999248,0.008279116000039721,0.9121597397648894,10.131034429006785,6.234049616469037,0.9318948037754401,-0.06212281806483133,1.306608160997512,1.4420857625104067,0.4390070743818665,0.017543859649122806,0.05263157894736842,0.4163748050135033,0.6863948137047287,0.7993771560912486,partial_recovery_with_enough_pairs,0.1722329715940486,0.01137674767747029,-1.026801670732203,-7.62215477040185,,
openml_superconduct,real,21263,81,gw_q16_p50_rot,1,40,0.8198103508550403,14.510150072917876,9.906328382399732,2.0607678500000475,0.008061008999902697,0.9121597397648894,10.131034429006785,6.234049616469037,0.898757438106562,-0.09234938890984912,1.4322476322233173,1.5890679400801226,0.4107540648012299,0.025,0.0,0.31632290006498937,0.46920301381160795,0.664310204236856,resistant_in_tested_budget,0.18360993498961056,0.011763099394281471,-1.0086401486977823,-7.626541380741292,,
openml_superconduct,real,21263,81,bn50,1,40,0.8942798218711177,11.114397563036015,6.608535924091499,2.0465982190000886,0.009437057000013738,0.9121597397648894,10.131034429006785,6.234049616469037,0.9803982601793186,-0.017879917893771746,1.0970644351196461,1.0600711143897779,0.2691706294388458,0.0,0.05,0.7925793295272668,0.830957772985772,0.9404988197083132,partial_recovery_with_enough_pairs,0.4606271425339134,0.7136204383437229,-1.0331798219444637,-7.547705644672003,,
openml_superconduct,real,21263,81,bn50_rot,1,40,0.9012276634119663,10.742977056553121,6.3876593031881965,2.1290907850000167,0.007392111000172008,0.9121597397648894,10.131034429006785,6.234049616469037,0.9880151733557755,-0.010932076352923148,1.060402778396868,1.0246404337741162,0.26917062943884584,0.025,0.025,0.8246274280436177,0.8309577729857723,0.9404988197083137,partial_recovery_with_enough_pairs,0.5587243206205192,0.42342168092404064,-0.9750805595705605,-7.609823794938922,,
openml_superconduct,real,21263,81,bn50_q16_rot,1,40,0.887302959965664,11.47527862342933,6.884265944956301,2.128552645000127,0.007469731999890428,0.9121597397648894,10.131034429006785,6.234049616469037,0.9727495320001381,-0.024856779799225404,1.1326857789145162,1.1043007945861596,0.2673098304524418,0.0,0.025,0.819518844910776,0.7733324264431204,0.920152423147897,partial_recovery_with_enough_pairs,0.5159321283347287,0.40863648281410797,-0.9750248763663668,-7.59777580353846,,
openml_superconduct,real,21263,81,bn50_adv_rot,1,40,0.9012505952518085,10.741729892931664,6.4895367728603714,2.1883555069998692,0.007375173000127688,0.9121597397648894,10.131034429006785,6.234049616469037,0.9880403135136256,-0.010909144513080893,1.0602796751115917,1.0409825349667399,0.20864298998024067,0.0,0.0,0.8163689284610285,0.71120317491146,0.8851809372848125,partial_recovery_with_enough_pairs,0.6021472208742991,0.4251870924889939,-0.9899458203156305,-7.623086357605931,,
openml_superconduct,real,21263,81,raw,2,81,0.917205954723013,9.8007629937983,5.9664387943885036,2.156752532999917,0.011075173000108407,0.917205954723013,9.8007629937983,5.9664387943885036,1.0,0.0,1.0,1.0,1.0,0.8765432098765432,1.0,1.0,0.9995756582282207,1.0,collapses_with_enough_pairs,1.0560216619250458,0.3416989121628205,-0.937776576346948,-7.216225759358256,,
openml_superconduct,real,21263,81,gauss,2,81,0.917205954723013,9.8007629937983,5.9664387943885036,2.0492272039998625,0.007572878000019045,0.917205954723013,9.8007629937983,5.9664387943885036,1.0,0.0,1.0,1.0,0.5158236116862871,0.024691358024691357,1.0,0.9865353761406502,0.9467395847884179,0.9907320782373249,collapses_with_enough_pairs,0.6795835803269558,0.330155254690721,-0.9423802087955191,-7.224410975772559,,
openml_superconduct,real,21263,81,gauss_white,2,81,0.9004069455530546,10.749168277772371,7.005395711420749,2.4226273430001584,0.008197178999807875,0.917205954723013,9.8007629937983,5.9664387943885036,0.9816845833986854,-0.016799009169958468,1.0967685153262252,1.1741335079158768,0.3477316928783481,0.0,1.0,0.6652006347118935,0.9461315191511093,0.9906454744973279,collapses_with_enough_pairs,0.8976274427501267,2.39226697137105e-06,-0.9816136594559852,-7.3043914626145385,,
openml_superconduct,real,21263,81,gauss_white_rot,2,81,0.8853614833563039,11.532557130600507,7.619283258644325,2.670050962000005,0.008563490999904388,0.917205954723013,9.8007629937983,5.9664387943885036,0.9652810023716802,-0.03184447136670909,1.1766999301889096,1.2770236184791401,0.3477316928783481,0.012345679012345678,0.0,0.37649224425039485,0.9461315191511093,0.9906454744973279,collapses_with_enough_pairs,0.22347773040914906,5.399310509238895e-06,-1.0301250365522938,-7.307390169126373,,
openml_superconduct,real,21263,81,gw_q8,2,81,0.8821735398794435,11.691810047276471,7.820052266658979,1.940224810000018,0.00805650000006608,0.917205954723013,9.8007629937983,5.9664387943885036,0.961805290662173,-0.03503241484356956,1.192948962715942,1.3106733406892261,0.3866298899656852,0.0,1.0,0.6463153376188363,0.8561621799699569,0.9011221977700039,partial_recovery_with_enough_pairs,0.3523987008709122,0.010951139575069144,-0.9835884764187386,-7.298461624953897,,
openml_superconduct,real,21263,81,gw_q16,2,81,0.8928411156096427,11.149988708235325,7.381466715843338,1.9510925530000804,0.007941274999893722,0.917205954723013,9.8007629937983,5.9664387943885036,0.9734358036077859,-0.024364839113370285,1.1376653751642383,1.2371645750871831,0.3902891327078377,0.0,1.0,0.6586577959973473,0.9150287630268114,0.9594207449531686,collapses_with_enough_pairs,0.41263311061881547,0.007177106004659555,-0.9810779402095915,-7.298649569122677,,
openml_superconduct,real,21263,81,gw_q32,2,81,0.8950149598002701,11.036313920505279,7.199082086304821,2.1413174449999133,0.007869855000080861,0.917205954723013,9.8007629937983,5.9664387943885036,0.975805875650421,-0.0221909949227429,1.1260668100523201,1.2065961513048002,0.3917073820635947,0.012345679012345678,1.0,0.664325608653608,0.9324688841045351,0.9774913520513651,collapses_with_enough_pairs,0.43646445572069337,0.006074132241183019,-0.9808339466223507,-7.2828408997558265,,
openml_superconduct,real,21263,81,gw_q64,2,81,0.8970156765761572,10.93064767061114,7.180354476741399,2.0097090460001255,0.008000745999879655,0.917205954723013,9.8007629937983,5.9664387943885036,0.9779871924698166,-0.02019027814685581,1.1152853790595494,1.2034573259168593,0.3914759078763492,0.0,1.0,0.6662254263285368,0.9365203229727485,0.9823027132355527,collapses_with_enough_pairs,0.44525514226241975,0.005719874575258381,-0.9805879413000017,-7.296539232634915,,
openml_superconduct,real,21263,81,gw_q16_rot,2,81,0.8788171459016217,11.857166658965832,7.989365742807445,1.993182121000018,0.009711454000125741,0.917205954723013,9.8007629937983,5.9664387943885036,0.9581459228173194,-0.038388808821391285,1.2098207727774641,1.3390509847049006,0.3902891327078377,0.024691358024691357,0.0,0.38523493164088346,0.9150287630268114,0.9594207449531686,collapses_with_enough_pairs,0.17266725699560784,0.011810157169102053,-1.0311293214760084,-7.315139658618627,,
openml_superconduct,real,21263,81,gw_q16_p90_rot,2,73,0.866588159575956,12.44106397757308,8.359202229821541,2.507368257999815,0.008440693000011379,0.917205954723013,9.8007629937983,5.9664387943885036,0.9448130543784541,-0.050617795147057,1.2693974933834746,1.401037120783583,0.3821584614878121,0.0273972602739726,0.0273972602739726,0.39306987398646753,0.8146206580945536,0.9133166712396199,partial_recovery_with_enough_pairs,0.1629327503087534,0.011811014174306593,-0.9907670669342924,-7.295584473107556,,
openml_superconduct,real,21263,81,gw_q16_p80_rot,2,65,0.8580865551209043,12.831342780092,8.688276233570202,1.9302244370001063,0.008303095999963261,0.917205954723013,9.8007629937983,5.9664387943885036,0.9355440298902526,-0.05911939960210877,1.3092187606425523,1.4561912948376532,0.38363685828384536,0.03076923076923077,0.015384615384615385,0.34487561626240704,0.700140672929845,0.8343891550492589,partial_recovery_with_enough_pairs,0.1835310743603129,0.011527453636034286,-0.9647702888743107,-7.298122068421393,,
openml_superconduct,real,21263,81,gw_q16_p70_rot,2,57,0.8564957034234801,12.903062112373117,8.777672125576201,1.9320456089999425,0.007998104000080275,0.917205954723013,9.8007629937983,5.9664387943885036,0.93380957571534,-0.06071025129953289,1.3165364901220327,1.4711744187892601,0.376391443691301,0.07017543859649122,0.0,0.3907302293434199,0.6302741816047139,0.752339116931974,partial_recovery_with_enough_pairs,0.18035585863757828,0.011704274647291325,-1.0087609683751184,-7.3098550779475024,,
openml_superconduct,real,21263,81,gw_q16_p50_rot,2,40,0.8358446250822668,13.800279725222353,9.466862773196912,2.209779921000063,0.008205923999867082,0.917205954723013,9.8007629937983,5.9664387943885036,0.9112943726304998,-0.08136132964074627,1.4080821803317616,1.5866856427154825,0.352223777115184,0.0,0.0,0.36073245132458154,0.4189874464200747,0.5956220606214706,resistant_in_tested_budget,0.1582313732290604,0.011455876912735806,-0.9944878659552843,-7.310230175275404,,
openml_superconduct,real,21263,81,bn50,2,40,0.9038706736593738,10.560592507348797,6.302576587731513,1.9520606749999843,0.007187918999989051,0.917205954723013,9.8007629937983,5.9664387943885036,0.9854609741738252,-0.013335281063639237,1.077527587804266,1.0563380946200522,0.24979984253697401,0.025,0.0,0.8126439912956325,0.8027884288274105,0.9213261020119567,partial_recovery_with_enough_pairs,0.3830599971545036,0.6786384413195046,-0.9517308260721228,-7.303714515014757,,
openml_superconduct,real,21263,81,bn50_rot,2,40,0.9081311687008454,10.32391526970694,6.1615472781658855,2.1973457340000095,0.007231053000168686,0.917205954723013,9.8007629937983,5.9664387943885036,0.9901060541796111,-0.009074786022167602,1.053378729415218,1.032700994764395,0.24979984253697401,0.0,0.025,0.7514547931855463,0.8027884288274107,0.9213261020119567,partial_recovery_with_enough_pairs,0.4702643976314249,0.4106496453957485,-0.9929893196498552,-7.284405699808154,,
openml_superconduct,real,21263,81,bn50_q16_rot,2,40,0.8998710187540426,10.778051005835483,6.496617314807705,2.189148925999916,0.007337891999895874,0.917205954723013,9.8007629937983,5.9664387943885036,0.9811002797357488,-0.0173349359689704,1.0997155030333443,1.0888601289127176,0.24384230627561582,0.0,0.025,0.7388240978103393,0.741204173650774,0.8912790374408691,partial_recovery_with_enough_pairs,0.43977765743396285,0.3984726888329777,-0.9916191078325083,-7.287253514872048,,
openml_superconduct,real,21263,81,bn50_adv_rot,2,40,0.9114087705420462,10.138079678634737,6.145207392126808,2.2055135580001206,0.007830186000091999,0.917205954723013,9.8007629937983,5.9664387943885036,0.993679517505185,-0.005797184180966863,1.0344173902633789,1.0299623617871416,0.30170910095715003,0.025,0.0,0.8103682671491563,0.7489032802830976,0.9304989311535352,partial_recovery_with_enough_pairs,0.4226783935721027,0.42918740558891844,-0.9356711888420115,-7.2573258031714225,,
banking_d80,synthetic,18000,80,raw,0,80,0.9701286708251531,0.4938705997940746,0.37855388469198165,2.1813526210000873,0.0066356469999391265,0.9701286708251531,0.4938705997940746,0.37855388469198165,1.0,0.0,1.0,1.0,0.9999999999999999,0.15,1.0,1.0,0.9996618263428779,0.9999828163494353,collapses_with_enough_pairs,0.8148787935470694,0.39348785313488394,-0.9097881893899519,-0.8528767840940441,0.9874502601381355,0.9942182651715533
banking_d80,synthetic,18000,80,gauss,0,80,0.9701286708251531,0.4938705997940746,0.37855388469198165,2.089386756000067,0.006586901000218859,0.9701286708251531,0.4938705997940746,0.37855388469198165,1.0,0.0,1.0,1.0,0.8580101762786749,0.0,1.0,0.9998019744048656,0.9229758592267447,0.999842368579702,collapses_with_enough_pairs,0.0023195161609345545,0.3907261371070718,-0.9445834347009461,-0.9377584876251583,,
banking_d80,synthetic,18000,80,gauss_white,0,80,0.875161723304303,1.0096242700721523,0.778941562819925,1.9695433480001157,0.007339366999985941,0.9701286708251531,0.4938705997940746,0.37855388469198165,0.9021089156760258,-0.09496694752085011,2.0443093200792424,2.0576768442192246,0.5628703384848311,0.0,1.0,0.5788689858302216,0.9225159368171258,0.999893081378425,collapses_with_enough_pairs,0.615345735913823,6.129925256226568e-07,-0.9856935253201844,-0.9224157256772203,,
banking_d80,synthetic,18000,80,gauss_white_rot,0,80,0.8104056296644098,1.2442241260667395,0.9430375218386224,2.3609665460000997,0.007677956999941671,0.9701286708251531,0.4938705997940746,0.37855388469198165,0.8353589106639955,-0.15972304116074332,2.5193322432749268,2.4911579565639506,0.5628703384848313,0.0,0.025,0.38875058720550665,0.9225159368171258,0.9998930813784251,collapses_with_enough_pairs,0.07151104196516281,2.1222069513519313e-06,-0.9718076568292091,-0.9135204171742657,0.9728780169068223,0.9839827780796222
banking_d80,synthetic,18000,80,gw_q8,0,80,0.8350885358465697,1.1604096272341191,0.8894631772703251,2.1303919839999708,0.007328721000021687,0.9701286708251531,0.4938705997940746,0.37855388469198165,0.8608018306852806,-0.13504013497858336,2.3496228115582625,2.349634261431647,0.5396946956954467,0.0,1.0,0.5762200515238484,0.8088361615824458,0.8673672988020361,partial_recovery_with_enough_pairs,0.3397861200843971,0.004834410180123277,-0.9861562568335941,-0.8935744927065364,,
banking_d80,synthetic,18000,80,gw_q16,0,80,0.8711212240329039,1.025832846556475,0.7929854692062623,2.011696497999992,0.007315537999829758,0.9701286708251531,0.4938705997940746,0.37855388469198165,0.8979440049864341,-0.09900744679224915,2.0771288005080857,2.0947756746744037,0.5611806058693178,0.0125,1.0,0.5907884520994796,0.8861155702613509,0.9535633849896474,partial_recovery_with_enough_pairs,0.38101845007099067,0.003199362763159638,-0.9854555123467433,-0.9037138841045167,,
banking_d80,synthetic,18000,80,gw_q32,0,80,0.8770135150351847,1.0021081497387498,0.759233127303873,2.0212527450000835,0.00849483899992265,0.9701286708251531,0.4938705997940746,0.37855388469198165,0.9040177261117658,-0.09311515578996843,2.0290905151199343,2.0056144131809375,0.5642519301453599,0.0125,1.0,0.5948349017335844,0.9037521548015326,0.9743148817711964,collapses_with_enough_pairs,0.3991332219405407,0.0027588501706174735,-0.9846509110073279,-0.8992615866750896,,
banking_d80,synthetic,18000,80,gw_q64,0,80,0.8805888733105831,0.9874345011995302,0.7576558138704182,2.2734058569999434,0.007448640000120577,0.9701286708251531,0.4938705997940746,0.37855388469198165,0.907703173602311,-0.08953979751456997,1.999378990389898,2.0014477317724553,0.5644897771949349,0.0125,1.0,0.5957503613354871,0.9082477533651556,0.9798535067963212,collapses_with_enough_pairs,0.40592964024032263,0.002609924473781048,-0.9842185675870851,-0.9063785150830046,,
banking_d80,synthetic,18000,80,gw_q16_rot,0,80,0.7856419531808827,1.322987665101441,1.0028401461102028,2.0883152470000823,0.007485807999955796,0.9701286708251531,0.4938705997940746,0.37855388469198165,0.8098327333348954,-0.18448671764427038,2.6788143810404526,2.6491344737518276,0.5611806058693181,0.0,0.0125,0.3793195405470665,0.8861155702613509,0.9535633849896474,partial_recovery_with_enough_pairs,0.05238377875196276,0.007523202079484075,-0.972527339800622,-0.9130728711697602,0.9382323910854996,0.9570714522234032
banking_d80,synthetic,18000,80,gw_q16_p90_rot,0,72,0.746963177308707,1.4374004029642924,1.102372056702322,1.9292974449999747,0.0076796460000423394,0.9701286708251531,0.4938705997940746,0.37855388469198165,0.7699629953966515,-0.2231654935164461,2.9104797968610283,2.912061139193672,0.553409279654992,0.0,0.0,0.3608896945502465,0.7996797746125155,0.8937009622023219,partial_recovery_with_enough_pairs,0.05136283042095455,0.007469801878659325,-1.0216702171138832,-0.9053819728948878,,
banking_d80,synthetic,18000,80,gw_q16_p80_rot,0,64,0.7081292057776616,1.54376510291388,1.1775361984643695,1.9342292800001815,0.007325115999947229,0.9701286708251531,0.4938705997940746,0.37855388469198165,0.7299332831544447,-0.2619994650474915,3.1258493693643064,3.1106171302996843,0.5325725705591071,0.015625,0.046875,0.30962225616063344,0.7011013120224557,0.7925200932659369,partial_recovery_with_enough_pairs,0.05699344230898151,0.007567535927361048,-1.0299061222072163,-0.9043407683581288,,
banking_d80,synthetic,18000,80,gw_q16_p70_rot,0,56,0.6442376623293868,1.7043778618897962,1.3196110268314114,2.2331946520000656,0.0072717890000149055,0.9701286708251531,0.4938705997940746,0.37855388469198165,0.6640744487856686,-0.32589100849576624,3.4510615991323585,3.485926522468897,0.535321420628996,0.03571428571428571,0.017857142857142856,0.45482193826958855,0.6240128326272527,0.7643310404872314,partial_recovery_with_enough_pairs,0.04648406145556445,0.007459432031637948,-0.9902847780795063,-0.8938398409742485,,
banking_d80,synthetic,18000,80,gw_q16_p50_rot,0,40,0.5462086893052748,1.92492577268689,1.4840758650123536,2.1820030209999004,0.007019096000021818,0.9701286708251531,0.4938705997940746,0.37855388469198165,0.5630270558241427,-0.4239199815198783,3.8976318361317954,3.9203820777586347,0.4760558022123351,0.025,0.05,0.3375304413732183,0.4740921058514009,0.5608451965261092,resistant_in_tested_budget,0.06347379077636454,0.007346097235648285,-1.0179019369176376,-0.8919998153879629,0.6344301585667608,0.7105113512432015
banking_d80,synthetic,18000,80,bn50,0,40,0.9777225140364467,0.42649995414069924,0.33694994640345943,2.115385538000055,0.007647729999916919,0.9701286708251531,0.4938705997940746,0.37855388469198165,1.007827665999021,0.007593843211293638,0.8635864421136501,0.8900977113935202,0.8119434052375483,0.05,0.0,0.8542321143023361,0.8289918098007538,0.9482055559301962,partial_recovery_with_enough_pairs,1.1081778219118903,0.7340759891645735,-0.7428802791357065,-0.9250593711080548,,
banking_d80,synthetic,18000,80,bn50_rot,0,40,0.9775862160274025,0.4278026696113073,0.3383347641408237,2.0118060810000316,0.008557616999951279,0.9701286708251531,0.4938705997940746,0.37855388469198165,1.0076871712243143,0.007457545202249394,0.8662242089115749,0.8937558900395829,0.8119434052375482,0.075,0.025,0.8428616481736341,0.8289918098007544,0.9482055559301957,partial_recovery_with_enough_pairs,1.0069394075603806,0.5094683094072184,-0.9474853268905308,-0.8891877409281609,,
banking_d80,synthetic,18000,80,bn50_q16_rot,0,40,0.9761351449248586,0.44143351202499886,0.34954701105835534,2.1453532789998917,0.0066657770000801975,0.9701286708251531,0.4938705997940746,0.37855388469198165,1.006191420045958,0.006006474099705561,0.893824236974341,0.9233745186442127,0.7664928742831358,0.1,0.05,0.828956873656095,0.7397327146115771,0.9228127265491044,partial_recovery_with_enough_pairs,0.7318162977650712,0.4941686452899789,-0.9456492818479294,-0.8557568913974677,0.8300515345511459,0.9370244888198482
banking_d80,synthetic,18000,80,bn50_adv_rot,0,40,0.9774505153036307,0.4290957473123731,0.3361298659711341,2.127791815999899,0.006758019000017157,0.9701286708251531,0.4938705997940746,0.37855388469198165,1.0075472921259505,0.007321844478477613,0.868842460942785,0.887931360801206,0.7124501658519261,0.025,0.0,0.8070076251957253,0.7743946219585565,0.9365007088770639,partial_recovery_with_enough_pairs,0.789404178721665,0.39773136020758426,-0.9932517050528158,-0.8936034616716869,,
banking_d80,synthetic,18000,80,raw,1,80,0.9717498292353731,0.494272255076249,0.3725436457030337,2.243098087000135,0.006781684000088717,0.9717498292353731,0.494272255076249,0.3725436457030337,1.0,0.0,1.0,1.0,1.0,0.15,1.0,1.0,0.9996744740686692,0.9999854149933708,collapses_with_enough_pairs,0.7707406079988569,0.38845387316092617,-0.9954715408260805,-0.8620444822628024,,
banking_d80,synthetic,18000,80,gauss,1,80,0.9717498292353731,0.494272255076249,0.3725436457030337,2.0671674510001594,0.006801573999837274,0.9717498292353731,0.494272255076249,0.3725436457030337,1.0,0.0,1.0,1.0,0.8604355925890311,0.0,1.0,0.9998118869007997,0.9189030359556046,0.9997657176382196,collapses_with_enough_pairs,0.002631050070924447,0.3864553369174587,-0.9404612367905812,-0.9118738375801592,,
banking_d80,synthetic,18000,80,gauss_white,1,80,0.8784631886213232,1.0252023978974636,0.7616505684947887,2.1438372279999385,0.008566567999878316,0.9717498292353731,0.494272255076249,0.3725436457030337,0.9040013820352786,-0.0932866406140499,2.074165376204073,2.044459964033112,0.5325522029970777,0.0,1.0,0.5799601174726549,0.9182917582880338,0.999824073943781,collapses_with_enough_pairs,0.6283022499756449,6.139317137042801e-07,-0.948368455410953,-0.881869929873381,,
banking_d80,synthetic,18000,80,gauss_white_rot,1,80,0.8023793418447523,1.3072897767685994,0.9680035894214716,2.1369288359999246,0.007635660999994798,0.9717498292353731,0.494272255076249,0.3725436457030337,0.8257056679661154,-0.16937048739062077,2.6448779257636668,2.598362904820816,0.5325522029970775,0.0125,0.025,0.4133083259312151,0.9182917582880338,0.999824073943781,collapses_with_enough_pairs,0.06324138273656076,2.144467081948047e-06,-0.9429891032753224,-0.8764382474996818,,
banking_d80,synthetic,18000,80,gw_q8,1,80,0.8454654128778916,1.1560285034791635,0.8781645794785949,2.1310139269999127,0.007475590000012744,0.9717498292353731,0.494272255076249,0.3725436457030337,0.87004431330145,-0.12628441635748155,2.3388496756728303,2.3572126101396655,0.4987292805598209,0.0,1.0,0.5781259815759894,0.8077167748494049,0.8728834866736535,partial_recovery_with_enough_pairs,0.3370885762512391,0.004923931355251379,-0.9514553976296835,-0.8854761370392825,,
banking_d80,synthetic,18000,80,gw_q16,1,80,0.8712307866258228,1.0552654409838236,0.7974764244599851,1.9705011440000817,0.007495054999935746,0.9717498292353731,0.494272255076249,0.3725436457030337,0.8965587236700167,-0.10051904260955036,2.134988217821437,2.1406254908872575,0.5259510435549655,0.025,1.0,0.5930712289454324,0.8808395796235674,0.9512904976171785,partial_recovery_with_enough_pairs,0.37888149972836127,0.0032824732471349125,-0.9471067307403755,-0.8762479235789581,,
banking_d80,synthetic,18000,80,gw_q32,1,80,0.8808272347520507,1.0151826868987268,0.7647608734840348,2.0240440840000247,0.007452793999846108,0.9717498292353731,0.494272255076249,0.3725436457030337,0.9064341544007625,-0.0909225944833224,2.0538937325990907,2.052808797854654,0.5328156168770488,0.0125,1.0,0.5967135516092269,0.8976359598487186,0.9687189789781776,partial_recovery_with_enough_pairs,0.3983050079242352,0.002773104132436965,-0.947499127696822,-0.8808033759249625,,
banking_d80,synthetic,18000,80,gw_q64,1,80,0.8826851982023081,1.0072379950474937,0.7583381803619486,2.09425552100015,0.00975774099993032,0.9717498292353731,0.494272255076249,0.3725436457030337,0.90834613153146,-0.08906463103306506,2.0378202189239043,2.0355686886857915,0.534441179328066,0.0125,1.0,0.5968146451076791,0.9025046971881086,0.9749088529987101,collapses_with_enough_pairs,0.40468156244117015,0.0026114552741870844,-0.9476486714169787,-0.8769197120607867,,
banking_d80,synthetic,18000,80,gw_q16_rot,1,80,0.785324957831221,1.3625312531090172,1.0260301204510667,2.126659061000055,0.0077790469999854395,0.9717498292353731,0.494272255076249,0.3725436457030337,0.8081554883823941,-0.1864248714041521,2.756641181283433,2.75412057697247,0.5259510435549655,0.0,0.0125,0.4194177040085692,0.8808395796235674,0.9512904976171785,partial_recovery_with_enough_pairs,0.05313159198953603,0.007457522548963941,-0.947427308053722,-0.8757064299777229,,
banking_d80,synthetic,18000,80,gw_q16_p90_rot,1,72,0.7470753755332085,1.478942370106204,1.1054711568762488,2.11820439600001,0.008691236999993635,0.9717498292353731,0.494272255076249,0.3725436457030337,0.7687939354937154,-0.22467445370216466,2.9921614149231477,2.9673601190810666,0.5196168382424841,0.027777777777777776,0.013888888888888888,0.4145687112377436,0.7957656562302823,0.8979378075472569,partial_recovery_with_enough_pairs,0.045165162058374314,0.007444280705059047,-0.9663700858666194,-0.8784484403581617,,
banking_d80,synthetic,18000,80,gw_q16_p80_rot,1,64,0.7266860255751535,1.537399066536826,1.1786933928213994,2.157954195000002,0.007544090999999753,0.9717498292353731,0.494272255076249,0.3725436457030337,0.7478118376896968,-0.24506380366021963,3.110429628099718,3.163906850691457,0.5206521070155742,0.03125,0.03125,0.3670380238451997,0.721663189350778,0.8010564127203563,partial_recovery_with_enough_pairs,0.056833152123997074,0.007547205768613665,-0.9670261319570234,-0.8815764772994739,,
banking_d80,synthetic,18000,80,gw_q16_p70_rot,1,56,0.6915471871923161,1.633240202998884,1.2228409265070934,2.019818471999997,0.007367941999973482,0.9717498292353731,0.494272255076249,0.3725436457030337,0.7116514625337922,-0.280202642043057,3.3043331609760935,3.282409834690506,0.5061190984035409,0.03571428571428571,0.0,0.36533153722501394,0.6276602675461425,0.7192083502928162,partial_recovery_with_enough_pairs,0.05866819425301743,0.0075083727971563645,-0.9683913544838045,-0.8865286247306173,,
banking_d80,synthetic,18000,80,gw_q16_p50_rot,1,40,0.5213892300173251,2.0344495644731504,1.5589101109520969,2.053092455000069,0.00700598399998853,0.9717498292353731,0.494272255076249,0.3725436457030337,0.5365467678317815,-0.45036059921804805,4.1160505037032795,4.1845032895682595,0.46212797026746416,0.0,0.025,0.32238272631295845,0.435338636785672,0.5831104726990382,resistant_in_tested_budget,0.04755693527700257,0.007311508831663952,-0.9818401544599318,-0.874443430885856,,
banking_d80,synthetic,18000,80,bn50,1,40,0.9779685395332672,0.4364930549452603,0.33963413519830765,1.9989029159999063,0.006420444000013958,0.9717498292353731,0.494272255076249,0.3725436457030337,1.0063994971862125,0.0062187102978941144,0.883102481400508,0.9116626712485676,0.682427509253201,0.025,0.025,0.8294246660929381,0.8347004089128169,0.9458793902518468,partial_recovery_with_enough_pairs,1.03595485827567,0.7409177864963234,-0.9042865918610282,-0.8475752886354122,,
banking_d80,synthetic,18000,80,bn50_rot,1,40,0.9776572226889556,0.4395661821339142,0.3389515369685848,2.1677651150000656,0.006647874000009324,0.9717498292353731,0.494272255076249,0.3725436457030337,1.006079129911688,0.005907393453582488,0.8893199600412619,0.9098304074652606,0.6824275092532008,0.025,0.025,0.8389601448760271,0.8347004089128177,0.945879390251847,partial_recovery_with_enough_pairs,0.954837710357139,0.422598112843729,-0.8908621399859061,-0.8740267367762058,,
banking_d80,synthetic,18000,80,bn50_q16_rot,1,40,0.9754514762547914,0.4607532258227692,0.34644769427662225,2.1856816470001377,0.006621236000000863,0.9717498292353731,0.494272255076249,0.3725436457030337,1.003809259243535,0.0037016470194183304,0.9321850884624122,0.9299519620656385,0.6709071193942491,0.0,0.025,0.8272538326497457,0.7606833125902923,0.9212400540218085,partial_recovery_with_enough_pairs,0.7307566135023686,0.40663402737283433,-0.8879334053801792,-0.8591653441820201,,
banking_d80,synthetic,18000,80,bn50_adv_rot,1,40,0.9774291478497221,0.4418040291703725,0.3439213322377171,1.9881036169999788,0.009887358000014501,0.9717498292353731,0.494272255076249,0.3725436457030337,1.0058444246075329,0.005679318614349005,0.8938475195258886,0.9231705766681298,0.5668342925044485,0.0,0.05,0.8177905771116613,0.7764878948555637,0.9247798439199999,partial_recovery_with_enough_pairs,0.8159788236843498,0.38720464066721516,-0.8717459390647763,-0.8840907577145558,,
banking_d80,synthetic,18000,80,raw,2,80,0.9751204378616622,0.47084638786350347,0.3671659889390446,2.014191125999787,0.0077664650000315305,0.9751204378616622,0.47084638786350347,0.3671659889390446,1.0,0.0,1.0,1.0,1.0,0.0875,1.0,1.0,0.9996631768514952,0.999984668942108,collapses_with_enough_pairs,0.7636301176184862,0.3875012000364959,-1.126192444590665,-0.930903861485388,,
banking_d80,synthetic,18000,80,gauss,2,80,0.9751204378616622,0.47084638786350347,0.3671659889390446,2.193233027999895,0.0101659300000847,0.9751204378616622,0.47084638786350347,0.3671659889390446,1.0,0.0,1.0,1.0,0.8514121822932015,0.0125,1.0,0.9998171394735704,0.9282229406615283,0.9998689663866486,collapses_with_enough_pairs,0.001992897696529288,0.3862410477067648,-1.1138661010220912,-0.9353639149419533,,
banking_d80,synthetic,18000,80,gauss_white,2,80,0.8801706996244691,1.0333308335093199,0.782231341282132,2.161132051999857,0.007599957000138602,0.9751204378616622,0.47084638786350347,0.3671659889390446,0.9026276811042869,-0.0949497382371931,2.1946241070216694,2.130456972723568,0.4559625748090328,0.0,1.0,0.5813080131466485,0.9278588587247274,0.9999138753163389,collapses_with_enough_pairs,0.6056217002752615,6.166740285820974e-07,-1.0343405905918366,-0.9064558469299453,,
banking_d80,synthetic,18000,80,gauss_white_rot,2,80,0.8138784860648232,1.2878229635826306,0.9686277530485621,2.123561435000056,0.009844874999998865,0.9751204378616622,0.47084638786350347,0.3671659889390446,0.834644064941941,-0.1612419517968391,2.735123379466098,2.638119494257867,0.4559625748090329,0.0125,0.0,0.45823527979729123,0.9278588587247274,0.9999138753163389,collapses_with_enough_pairs,0.057029353450698164,2.138358733363446e-06,-1.0210466433785954,-0.8979439131956276,,
banking_d80,synthetic,18000,80,gw_q8,2,80,0.8494652113100342,1.1581806779179646,0.8979866656322774,2.14220971199984,0.007546306999984154,0.9751204378616622,0.47084638786350347,0.3671659889390446,0.871138762277225,-0.12565522655162809,2.4597845662006366,2.4457239850212744,0.47178493173052644,0.0375,1.0,0.5747549494969318,0.8204604640240453,0.8744850595067771,partial_recovery_with_enough_pairs,0.3339164209734291,0.0048502166901543235,-1.0360655391889009,-0.9142577699526594,,
banking_d80,synthetic,18000,80,gw_q16,2,80,0.8779786755378013,1.0427393045742763,0.806386148268046,2.072543878000033,0.007317308999972738,0.9751204378616622,0.47084638786350347,0.3671659889390446,0.9003797289523715,-0.09714176232386096,2.214606146403235,2.1962441308852245,0.4894950266299244,0.05,1.0,0.5923083655585258,0.8949789403938884,0.9540303762667259,partial_recovery_with_enough_pairs,0.3760894534107361,0.003268343466904204,-1.0351470361010588,-0.8875276613305919,,
banking_d80,synthetic,18000,80,gw_q32,2,80,0.8822459812973342,1.024343805419067,0.7850542777123268,2.0230648409999503,0.008257877000005465,0.9751204378616622,0.47084638786350347,0.3671659889390446,0.9047559122358341,-0.09287445656432802,2.17553714294612,2.1381454202247974,0.4886019568851404,0.0,1.0,0.5964170344321248,0.9124699205758496,0.9735386898437486,collapses_with_enough_pairs,0.39459234539131016,0.0027922196789181464,-1.0357923624918983,-0.9056994996909559,,
banking_d80,synthetic,18000,80,gw_q64,2,80,0.8820523697422552,1.0251855743228457,0.7797792859105037,2.060449290999941,0.007541486000036457,0.9751204378616622,0.47084638786350347,0.3671659889390446,0.904557360808173,-0.09306806811940704,2.177324921137641,2.12377864345153,0.48580243782508536,0.025,1.0,0.5968977842657468,0.9170867487792727,0.9788226230593212,collapses_with_enough_pairs,0.40169968415161506,0.0026084585038818288,-1.035520814632602,-0.9075450830152011,,
banking_d80,synthetic,18000,80,gw_q16_rot,2,80,0.8002834819753665,1.33402776768409,0.999680813915817,2.1378757820000374,0.007553230999974403,0.9751204378616622,0.47084638786350347,0.3671659889390446,0.8207021931878538,-0.17483695588629578,2.833254755839434,2.722694487047873,0.48949502662992445,0.0,0.0,0.4405447723251682,0.8949789403938885,0.9540303762667258,partial_recovery_with_enough_pairs,0.04392624238173283,0.007594315445697415,-1.0220611708298104,-0.9031900664339249,,
banking_d80,synthetic,18000,80,gw_q16_p90_rot,2,72,0.7676431803339872,1.4389164858792431,1.0861341550251937,2.0956358509999973,0.007538572999919779,0.9751204378616622,0.47084638786350347,0.3671659889390446,0.7872290955334182,-0.2074772575276751,3.0560210781448736,2.9581556782088256,0.49013155862145497,0.0,0.013888888888888888,0.380320103885501,0.802194095111856,0.8957240050896301,partial_recovery_with_enough_pairs,0.049642364111133,0.007756411979585988,-1.0155629219507003,-0.8987310339240734,,
banking_d80,synthetic,18000,80,gw_q16_p80_rot,2,64,0.7461602923550421,1.5039647455689258,1.145816586440363,2.002740734000099,0.007372130000021571,0.9751204378616622,0.47084638786350347,0.3671659889390446,0.765198085675749,-0.22896014550662014,3.1941728434899224,3.1207045885466993,0.47597513640347827,0.015625,0.0,0.38072621580773086,0.7047727803709449,0.8239610092636627,partial_recovery_with_enough_pairs,0.053986043772822304,0.007555217171973534,-0.9743431843534008,-0.904966229046231,,
banking_d80,synthetic,18000,80,gw_q16_p70_rot,2,56,0.7185739472836319,1.5835800661384112,1.199775577631939,2.070215081000015,0.007522265000034167,0.9751204378616622,0.47084638786350347,0.3671659889390446,0.7369078929976997,-0.25654649057803036,3.3632626413977817,3.267665344218799,0.4500421980514855,0.017857142857142856,0.03571428571428571,0.3383652326987362,0.6265902104844665,0.7735760509365891,partial_recovery_with_enough_pairs,0.04132533378567954,0.007312759345976047,-1.0260912535500528,-0.883630703261533,,
banking_d80,synthetic,18000,80,gw_q16_p50_rot,2,40,0.5782372631797867,1.9386168356659421,1.4923677540487756,2.19505914399997,0.006861668000055943,0.9751204378616622,0.47084638786350347,0.3671659889390446,0.592990609906404,-0.3968831746818755,4.117302130027043,4.064558807206221,0.40606834856333,0.0,0.075,0.3847174982008754,0.41106161609332137,0.6351513967001194,resistant_in_tested_budget,0.04114605633802624,0.007291628358110509,-0.9706908730559736,-0.9128081835027964,,
banking_d80,synthetic,18000,80,bn50,2,40,0.9809592008091816,0.41190822406493416,0.3268581196809667,2.015138019999995,0.00650654800006123,0.9751204378616622,0.47084638786350347,0.3671659889390446,1.0059877351769215,0.005838762947519394,0.8748250696665528,0.8902189460016415,0.7019575484136568,0.025,0.05,0.8132452133773903,0.8401024585141903,0.95914827517812,partial_recovery_with_enough_pairs,0.8630599087019466,0.7474625425615952,-1.0484343567765904,-0.8303042798488637,,
banking_d80,synthetic,18000,80,bn50_rot,2,40,0.9806401740000269,0.41534463156662904,0.3282111374664647,2.12681661900001,0.00961787500000355,0.9751204378616622,0.47084638786350347,0.3671659889390446,1.0056605686067548,0.00551973613836465,0.8821234319143504,0.8939039762774785,0.7019575484136564,0.0,0.025,0.8835417396188736,0.8401024585141901,0.9591482751781205,partial_recovery_with_enough_pairs,0.8079536002442322,0.5082307650360413,-0.9515604244488184,-0.8848180571586617,,
banking_d80,synthetic,18000,80,bn50_q16_rot,2,40,0.9789637895762187,0.4329538738276064,0.3388576167965806,2.2368185020000055,0.006570258000010654,0.9751204378616622,0.47084638786350347,0.3671659889390446,1.0039414123274706,0.003843351714556409,0.9195225555242404,0.9229003420925144,0.689225105172225,0.0,0.025,0.8815863833384316,0.7486622006008188,0.930550678590213,partial_recovery_with_enough_pairs,0.6659249423381517,0.4862692151134664,-0.9515907084752081,-0.89352580602934,,
banking_d80,synthetic,18000,80,bn50_adv_rot,2,40,0.9795091663790393,0.42730472007575004,0.339244613392135,2.159681085000102,0.0067039000000477245,0.9751204378616622,0.47084638786350347,0.3671659889390446,1.0045007040637985,0.0043887285173770385,0.9075246855236022,0.9239543520150365,0.6120483594334398,0.025,0.0,0.831412974511327,0.8045930421419051,0.9466997437156272,partial_recovery_with_enough_pairs,0.7055801823579484,0.4223390312928772,-0.9780605763221921,-0.8474479468996149,,
banking_d200,synthetic,18000,200,raw,0,200,0.9696596982710601,0.5140001173540794,0.387365113553228,2.3714269160000185,0.00668135999990227,0.9696596982710601,0.5140001173540794,0.387365113553228,1.0,0.0,1.0,1.0,1.0,0.095,1.0,1.0,0.9995043876079748,0.99997640095344,collapses_with_enough_pairs,0.7800679129804324,0.39679092296343293,-0.9492772679961432,-0.8652674948034346,0.9859438162543135,0.9952334349842658
banking_d200,synthetic,18000,200,gauss,0,200,0.9696596982710601,0.5140001173540794,0.387365113553228,2.266693330999942,0.006649904999903811,0.9696596982710601,0.5140001173540794,0.387365113553228,1.0,0.0,1.0,1.0,0.8498821414205557,0.0,1.0,0.9998023532199308,0.9158945549926645,0.9997604688241563,collapses_with_enough_pairs,0.0018936910419987219,0.3946309886705153,-0.9399720484402558,-0.8766306559059295,,
banking_d200,synthetic,18000,200,gauss_white,0,200,0.8384895139445403,1.1859151917711026,0.874395426358095,2.152764748999971,0.007311393000009048,0.9696596982710601,0.5140001173540794,0.387365113553228,0.8647255479830694,-0.13117018432651983,2.3072274727792736,2.257290075343721,0.5666554451617853,0.005,1.0,0.3994560539165979,0.9137971625279434,0.9998541155332928,collapses_with_enough_pairs,0.5957991163876946,4.5274869997267146e-07,-0.9871559765578393,-0.8780432339321024,,
banking_d200,synthetic,18000,200,gauss_white_rot,0,200,0.6551082131646764,1.7329845727285373,1.275357205796048,2.546719952000103,0.007921615999975984,0.9696596982710601,0.5140001173540794,0.387365113553228,0.6756063125370262,-0.31455148510638375,3.3715645468126145,3.2923904636053414,0.5666554451617853,0.0,0.005,0.2554297965040931,0.9137971625279434,0.9998541155332928,collapses_with_enough_pairs,0.04353530245512089,1.2995983031190588e-06,-0.9716463328760144,-0.8789973944263988,0.9699070341169262,0.9801157890338187
banking_d200,synthetic,18000,200,gw_q8,0,200,0.8039934953661287,1.3064371225514078,0.9556977339998748,2.033751159999838,0.007365243000094779,0.9696596982710601,0.5140001173540794,0.387365113553228,0.8291501614429057,-0.1656662029049314,2.541705883797381,2.4671755420446555,0.47727253734463965,0.0,1.0,0.41260632103620515,0.7427858121062966,0.8393994299765337,partial_recovery_with_enough_pairs,0.2813330524276747,0.004953402298290971,-0.9892068560115487,-0.8769907856881874,,
banking_d200,synthetic,18000,200,gw_q16,0,200,0.8323391440050075,1.208284237478227,0.8987441365788564,2.335289623000108,0.007381397000017387,0.9696596982710601,0.5140001173540794,0.387365113553228,0.8583827351895719,-0.1373205542660526,2.3507470070203818,2.3201473367976893,0.5114289162705968,0.005,1.0,0.4147362723405504,0.8467742233806493,0.9001046275918075,partial_recovery_with_enough_pairs,0.3097734023484978,0.0029756352134713607,-0.9886161244351377,-0.8772254026478233,,
banking_d200,synthetic,18000,200,gw_q32,0,200,0.8428497147965052,1.1697979533318223,0.8631675992039035,2.232371323000052,0.007267355999829306,0.9696596982710601,0.5140001173540794,0.387365113553228,0.8692221779448378,-0.12680998347455497,2.2758709849203855,2.228304947975898,0.5156316864509822,0.0,1.0,0.41781719105292675,0.8690909550386701,0.9272383573822903,partial_recovery_with_enough_pairs,0.3270987745616033,0.0025367102530948113,-0.9885347323453569,-0.8774609739954973,,
banking_d200,synthetic,18000,200,gw_q64,0,200,0.8401934913380291,1.1796427479557898,0.876586401335257,2.485238221000145,0.007310545000109414,0.9696596982710601,0.5140001173540794,0.387365113553228,0.8664828422137435,-0.12946620693303101,2.295024277481184,2.262946173171077,0.5179473450307204,0.0,1.0,0.41803968497009186,0.8752870608300544,0.9348100102533791,partial_recovery_with_enough_pairs,0.3333956144877105,0.0023753112025330088,-0.9887481930524946,-0.877510528566971,,
banking_d200,synthetic,18000,200,gw_q16_rot,0,200,0.6198534152160147,1.8194026251610782,1.3375864876188424,2.4123702509998566,0.007920553000076325,0.9696596982710601,0.5140001173540794,0.387365113553228,0.6392484046941795,-0.34980628305504546,3.5396930151044033,3.4530380791120057,0.5114289162705965,0.0,0.005,0.2622443327603037,0.8467742233806491,0.9001046275918074,partial_recovery_with_enough_pairs,0.03294683906124576,0.005907361590849266,-0.9732253134806751,-0.8792060807389529,0.9075866456326861,0.9371302096549678
banking_d200,synthetic,18000,200,gw_q16_p90_rot,0,180,0.5803167583113202,1.911675104052919,1.3870497703139457,2.2329012760001206,0.007879096000124264,0.9696596982710601,0.5140001173540794,0.387365113553228,0.5984746600751242,-0.3893429399597399,3.719211415541415,3.5807297089580334,0.49780530100500614,0.0,0.005555555555555556,0.25612771843889615,0.7325148708181196,0.8078867020105776,partial_recovery_with_enough_pairs,0.03091724515381476,0.0058938326833796306,-0.9841842201100665,-0.8827924741381341,,
banking_d200,synthetic,18000,200,gw_q16_p80_rot,0,160,0.5310169379719263,2.020839626529253,1.4816824400763169,2.102319292999937,0.007687336999879335,0.9696596982710601,0.5140001173540794,0.387365113553228,0.5476322661638403,-0.43864276029913385,3.931593706499403,3.825028089094343,0.48705690799329354,0.0125,0.0,0.2594992028305951,0.5964969014712184,0.7024736959734799,partial_recovery_with_enough_pairs,0.030949042111776525,0.005899090382665213,-0.9895564113607298,-0.8765358130410044,,
banking_d200,synthetic,18000,200,gw_q16_p70_rot,0,140,0.502327945461469,2.081732381802453,1.5239243796020323,2.22452698699999,0.007574702999818328,0.9696596982710601,0.5140001173540794,0.387365113553228,0.5180456054398659,-0.46733175280959116,4.05006207492441,3.9340775053885415,0.46469983685373617,0.0,0.014285714285714285,0.24962862487441284,0.4932174964891146,0.5927422162209894,resistant_in_tested_budget,0.03302362313172774,0.005884842867950979,-0.989513857893343,-0.8756727366176456,,
banking_d200,synthetic,18000,200,gw_q16_p50_rot,0,100,0.3987406835610928,2.288148358918536,1.7178543123066488,2.240488054000025,0.007311672000014369,0.9696596982710601,0.5140001173540794,0.387365113553228,0.41121713552915784,-0.5709190147099673,4.45164948735274,4.434716117177128,0.44646458280131535,0.0,0.01,0.21578354155527368,0.3287842555140297,0.43743039908273085,resistant_in_tested_budget,0.030898797799590563,0.005886910376853265,-0.9975179561083101,-0.8767653334364442,0.5151857809090857,0.6088971072760422
banking_d200,synthetic,18000,200,bn50,0,100,0.9787487352090142,0.4301754896780218,0.330879142123864,2.07885103600006,0.006571895999968547,0.9696596982710601,0.5140001173540794,0.387365113553228,1.0093734296208867,0.009089036937954043,0.8369171040124234,0.8541789917237804,0.8334386396378254,0.0,0.01,0.8873976174177508,0.887041905389899,0.9735795640858305,partial_recovery_with_enough_pairs,0.9833626354769615,0.5027451077875963,-0.9892592513406434,-0.8698904371047118,,
banking_d200,synthetic,18000,200,bn50_rot,0,100,0.9785669180754408,0.4320117732325192,0.3303420350949425,2.2530381809999653,0.006819284999892261,0.9696596982710601,0.5140001173540794,0.387365113553228,1.0091859234948741,0.008907219804380695,0.8404896392950026,0.852792426413356,0.8334386396378256,0.0,0.02,0.8244448850477424,0.8870419053898977,0.9735795640858308,partial_recovery_with_enough_pairs,0.8530610277740354,0.35885499246509656,-1.020609067472186,-0.8800240522111744,,
banking_d200,synthetic,18000,200,bn50_q16_rot,0,100,0.9766320320920449,0.45109056571896305,0.3373166723643202,2.204143126999952,0.006855721999954767,0.9696596982710601,0.5140001173540794,0.387365113553228,1.0071904956279163,0.006972333820984722,0.8776079041402635,0.8707977578831951,0.7775358781776205,0.01,0.02,0.829435031061575,0.8218215104366178,0.9613601105464711,partial_recovery_with_enough_pairs,0.6792960387432637,0.3464133882866939,-1.023619346037376,-0.8774857772671733,0.8990938522981176,0.9683319783920556
banking_d200,synthetic,18000,200,bn50_adv_rot,0,100,0.9771000137385004,0.44655080984450096,0.3454299154513149,2.1377384800000527,0.006892202000017278,0.9696596982710601,0.5140001173540794,0.387365113553228,1.0076731202510598,0.007440315467440284,0.8687756962842976,0.8917424501208967,0.6470088017574573,0.0,0.01,0.7929086767561005,0.8368439639011765,0.9426556289494822,partial_recovery_with_enough_pairs,0.6179197260479693,0.3577539442859779,-0.9939366774737917,-0.8715052631286753,,
banking_d200,synthetic,18000,200,raw,1,200,0.9700584666228457,0.4955346136165711,0.38676648885061327,2.3112561240000105,0.007290277000038259,0.9700584666228457,0.4955346136165711,0.38676648885061327,1.0,0.0,1.0,1.0,1.0,0.065,1.0,1.0,0.9994935541513865,0.9999741883355301,collapses_with_enough_pairs,0.7915768394013634,0.39663170178184004,-0.9451332121697271,-0.8782523247044359,,
banking_d200,synthetic,18000,200,gauss,1,200,0.9700584666228457,0.4955346136165711,0.38676648885061327,2.022221135000109,0.006608836000168594,0.9700584666228457,0.4955346136165711,0.38676648885061327,1.0,0.0,1.0,1.0,0.8768328706164153,0.0,1.0,0.9998252664641436,0.9172426837696149,0.9998568601863066,collapses_with_enough_pairs,0.0021093155132226853,0.3945508832497884,-0.9153092139579543,-0.8575665957620393,,
banking_d200,synthetic,18000,200,gauss_white,1,200,0.8343852994312227,1.1654306049686862,0.86726106365712,2.293707646999792,0.0072405289997732325,0.9700584666228457,0.4955346136165711,0.38676648885061327,0.8601391855648098,-0.13567316719162292,2.3518651834692204,2.242337660210514,0.49926274594519576,0.0,1.0,0.40128368250614044,0.9152532192411235,0.9999420383958164,collapses_with_enough_pairs,0.5867761689038978,4.4856798607376715e-07,-1.0321319722997353,-0.8856362599183177,,
banking_d200,synthetic,18000,200,gauss_white_rot,1,200,0.6607888801241417,1.6679077138208207,1.2525561542563248,2.380412824999894,0.007910469999842462,0.9700584666228457,0.4955346136165711,0.38676648885061327,0.681184591300571,-0.30926958649870395,3.3658752950634336,3.238533302041374,0.4992627459451959,0.015,0.0,0.3023395139306994,0.9152532192411235,0.9999420383958164,collapses_with_enough_pairs,0.04895325760288933,1.3053776809367472e-06,-1.027049315356954,-0.8870920159804346,,
banking_d200,synthetic,18000,200,gw_q8,1,200,0.7925028363594605,1.3044969233881836,0.9663926302221157,2.163602556999649,0.007328807000249071,0.9700584666228457,0.4955346136165711,0.38676648885061327,0.8169639909628066,-0.17755563026338517,2.6325041430860807,2.4986462324955467,0.45970072848544385,0.0,1.0,0.41523657166611233,0.7425632729851179,0.8245210477545342,partial_recovery_with_enough_pairs,0.27883921880227375,0.004949139917937953,-1.0340129448068227,-0.8867870008358268,,
banking_d200,synthetic,18000,200,gw_q16,1,200,0.8287825085311037,1.1849800583934609,0.8874628231157725,2.6078607599997667,0.007266860999607161,0.9700584666228457,0.4955346136165711,0.38676648885061327,0.8543634606029685,-0.14127595809174198,2.39131642035073,2.2945701054740315,0.48692691328366555,0.0,1.0,0.4204455289629117,0.8503214757061861,0.9155599534985042,partial_recovery_with_enough_pairs,0.30647165455766173,0.0029627920751347653,-1.0329885884140275,-0.8805988197014897,,
banking_d200,synthetic,18000,200,gw_q32,1,200,0.8357849380677722,1.1604955276850557,0.8651098116724381,2.3422406649997356,0.007260592999955406,0.9700584666228457,0.4955346136165711,0.38676648885061327,0.8615820250272828,-0.13427352855507346,2.3419060864696934,2.2367755134198886,0.49009093012403404,0.005,1.0,0.42133402832678946,0.8715123444571651,0.9382879904062713,partial_recovery_with_enough_pairs,0.3230314160320183,0.002527767672908539,-1.0325016763038932,-0.8852224517513203,,
banking_d200,synthetic,18000,200,gw_q64,1,200,0.8326098564200606,1.1716608479322888,0.8681058734152373,2.2459213229999477,0.009225020000030781,0.9700584666228457,0.4955346136165711,0.38676648885061327,0.8583089422627301,-0.1374486102027851,2.364437953952663,2.24452194913541,0.4917573336726138,0.01,1.0,0.4213835269107605,0.8777886308183994,0.947014158912741,partial_recovery_with_enough_pairs,0.3294321112018479,0.002377803458654677,-1.032170787423527,-0.8813134287807469,,
banking_d200,synthetic,18000,200,gw_q16_rot,1,200,0.6455059997914571,1.7050668915199791,1.2862862718543928,2.2986058460001004,0.0077495059999819205,0.9700584666228457,0.4955346136165711,0.38676648885061327,0.6654299941721212,-0.3245524668313886,3.4408633517563025,3.325743850448261,0.48692691328366555,0.005,0.0,0.27331431885700175,0.8503214757061862,0.915559953498504,partial_recovery_with_enough_pairs,0.03569242406458952,0.005953499693261599,-1.0257621071518983,-0.878289713995493,,
banking_d200,synthetic,18000,200,gw_q16_p90_rot,1,180,0.6184874715632243,1.768851519605933,1.3223835252939566,2.228454975999739,0.0077845350001553015,0.9700584666228457,0.4955346136165711,0.38676648885061327,0.6375775201637298,-0.3515709950596214,3.569582166412726,3.419074721865888,0.4809451078619331,0.005555555555555556,0.011111111111111112,0.24418039092310848,0.7774442387400693,0.8711942829900969,partial_recovery_with_enough_pairs,0.036052881352688804,0.005928708047723107,-1.0474935044680427,-0.8849491270042021,,
banking_d200,synthetic,18000,200,gw_q16_p80_rot,1,160,0.6017423308450736,1.8072534010967682,1.3655916027202966,2.1817741590002697,0.007625669999924867,0.9700584666228457,0.4955346136165711,0.38676648885061327,0.6203155289597903,-0.3683161357777721,3.647078027318518,3.530790908950103,0.4723427560089138,0.00625,0.00625,0.2521166845054312,0.6903699572528674,0.784937992534847,partial_recovery_with_enough_pairs,0.03152292654172283,0.005943085923368996,-1.0346738101487887,-0.8886259569758798,,
banking_d200,synthetic,18000,200,gw_q16_p70_rot,1,140,0.5565101088998883,1.9071235954163277,1.45028262620499,2.2630814920003104,0.007570769000267319,0.9700584666228457,0.4955346136165711,0.38676648885061327,0.5736871828327198,-0.4135483577229574,3.848618326573649,3.7497628879764573,0.462365320444422,0.0,0.007142857142857143,0.2647017551569464,0.5979151205885693,0.6885910642564058,partial_recovery_with_enough_pairs,0.0345416557668754,0.005982475678774077,-1.0393413074604587,-0.8821851969592012,,
banking_d200,synthetic,18000,200,gw_q16_p50_rot,1,100,0.46806687283159165,2.08864916036426,1.6022270331256085,2.378924778000055,0.00956118600015543,0.9700584666228457,0.4955346136165711,0.38676648885061327,0.48251408439443466,-0.501991593791254,4.214941001034471,4.142621140438207,0.41474034273620625,0.0,0.0,0.2471293916892985,0.40322722907220915,0.5244349019652672,resistant_in_tested_budget,0.03198081438356043,0.005971989059511993,-1.0534164287237082,-0.8828025530985698,,
banking_d200,synthetic,18000,200,bn50,1,100,0.9781625797012423,0.42319218917019613,0.33413964000781265,2.2207838080003057,0.006693302000257972,0.9700584666228457,0.4955346136165711,0.38676648885061327,1.0083542521994682,0.008104113078396646,0.8540113597344964,0.8639312082099039,0.7456723611216233,0.0,0.02,0.8656161925603899,0.8705371717613108,0.9662847185471678,partial_recovery_with_enough_pairs,0.9545975661229749,0.5536410091971278,-0.991627926433852,-0.8801975831753681,,
banking_d200,synthetic,18000,200,bn50_rot,1,100,0.9778512918616294,0.4261977739608402,0.33649031519093575,2.079345459000251,0.006860174999928859,0.9700584666228457,0.4955346136165711,0.38676648885061327,1.0080333562428598,0.007792825238783774,0.8600766974688442,0.8700089715396815,0.7456723611216232,0.0,0.0,0.8406267294043657,0.8705371717613108,0.9662847185471681,partial_recovery_with_enough_pairs,0.7977920673521269,0.42044528952335614,-1.085444718545279,-0.8783159002083667,,
banking_d200,synthetic,18000,200,bn50_q16_rot,1,100,0.976928240232751,0.434988061244215,0.34418907879867433,2.382459261999884,0.0067101750000801985,0.9700584666228457,0.4955346136165711,0.38676648885061327,1.0070818139795448,0.006869773609905372,0.8778156949915812,0.889914428267894,0.7338022723194125,0.01,0.0,0.8418439549717046,0.8061877138382023,0.9491672281259285,partial_recovery_with_enough_pairs,0.5943494266192123,0.4075071113314227,-1.0864447403548088,-0.8848863481401261,,
banking_d200,synthetic,18000,200,bn50_adv_rot,1,100,0.9769944426933889,0.43436353221341356,0.3399581907656212,2.097119303999989,0.0068495079999593145,0.9700584666228457,0.4955346136165711,0.38676648885061327,1.0071500598254557,0.006935976070543193,0.8765553813552776,0.8789753005124714,0.5729494368512971,0.04,0.0,0.7851664443199877,0.8531376885474145,0.9604486353661864,partial_recovery_with_enough_pairs,0.7404412405701168,0.34952685360829056,-1.064727617634012,-0.8769751681538941,,
banking_d200,synthetic,18000,200,raw,2,200,0.9713522966370809,0.4713550047921782,0.3682781352820767,2.3150847879996945,0.006699321999803942,0.9713522966370809,0.4713550047921782,0.3682781352820767,1.0,0.0,1.0,1.0,1.0,0.05,1.0,1.0,0.9994959331078932,0.9999718088048278,collapses_with_enough_pairs,0.7823310890521724,0.39734211761767957,-1.1275130089534564,-0.9315444961803914,,
banking_d200,synthetic,18000,200,gauss,2,200,0.9713522966370809,0.4713550047921782,0.3682781352820767,2.311506467000072,0.006648379999660392,0.9713522966370809,0.4713550047921782,0.3682781352820767,1.0,0.0,1.0,1.0,0.8677164861062143,0.005,1.0,0.9998248112467164,0.9186575930071084,0.9998424861761349,collapses_with_enough_pairs,0.002100758045948178,0.3955838114124922,-1.1147292435666847,-0.9356144076668942,,
banking_d200,synthetic,18000,200,gauss_white,2,200,0.8374738593560351,1.122702858887266,0.8510655388083156,2.1521926190002887,0.008089566000307968,0.9713522966370809,0.4713550047921782,0.3682781352820767,0.8621731397099216,-0.13387843728104576,2.381862603500453,2.3109314870307345,0.48695152549109966,0.0,1.0,0.4003213566995418,0.916436899010027,0.9999224297343439,collapses_with_enough_pairs,0.5855149143856541,4.4961554452477953e-07,-1.0878174297378438,-0.9207806373772933,,
banking_d200,synthetic,18000,200,gauss_white_rot,2,200,0.6766168980110221,1.5836597485064812,1.212856184103246,2.5182338019999406,0.007838350999918475,0.9713522966370809,0.4713550047921782,0.3682781352820767,0.6965720885754197,-0.2947353986260588,3.359802553077211,3.293315752167253,0.48695152549110005,0.0,0.01,0.24237406852934518,0.916436899010027,0.9999224297343439,collapses_with_enough_pairs,0.04802698403643521,1.2866605387758308e-06,-1.065676065942708,-0.9308834579447766,,
banking_d200,synthetic,18000,200,gw_q8,2,200,0.8042205614327749,1.2322157528314732,0.9300051931410188,2.6059695630001443,0.0074002769997605355,0.9713522966370809,0.4713550047921782,0.3682781352820767,0.8279391156196029,-0.16713173520430602,2.6141989377513046,2.5252794126067144,0.4408413043077098,0.005,1.0,0.4170918748711236,0.7485861464275536,0.8290792859502271,partial_recovery_with_enough_pairs,0.2811751122125867,0.004904638897792097,-1.0893481535009577,-0.9228444081971466,,
banking_d200,synthetic,18000,200,gw_q16,2,200,0.8314123074274747,1.1434472925284116,0.8755869577976763,2.715375842999947,0.007325072000185173,0.9713522966370809,0.4713550047921782,0.3682781352820767,0.85593281686357,-0.13993998920960615,2.4258728154007,2.3775154534412817,0.4670668799114713,0.005,1.0,0.41753773763539026,0.8607060373224641,0.9225808945398706,partial_recovery_with_enough_pairs,0.310206587473803,0.002944913265838417,-1.0896972928465822,-0.9247945603627268,,
banking_d200,synthetic,18000,200,gw_q32,2,200,0.8403926947237653,1.1125757759359842,0.8403149511565189,2.3578047629998764,0.007300234000013006,0.9713522966370809,0.4713550047921782,0.3682781352820767,0.8651780591174687,-0.13095960191331557,2.360377559641108,2.2817399966275302,0.46604049157099153,0.0,1.0,0.418954073626681,0.8812260428136384,0.9460978584221503,partial_recovery_with_enough_pairs,0.3272686016156024,0.0025128725343222737,-1.0894178033909268,-0.930355518652762,,
banking_d200,synthetic,18000,200,gw_q64,2,200,0.8386464403708178,1.1186455326926192,0.8429461560040848,2.198879783999928,0.007506551000005857,0.9713522966370809,0.4713550047921782,0.3682781352820767,0.8633803031858739,-0.13270585626626308,2.373254810746803,2.2888846098844393,0.46867970294908495,0.0,1.0,0.41817720450126494,0.8877795487871449,0.9541138518589739,partial_recovery_with_enough_pairs,0.3336430152240952,0.0023645401819429404,-1.089467552504432,-0.926857145759528,,
banking_d200,synthetic,18000,200,gw_q16_rot,2,200,0.6279642720116776,1.6986172947377223,1.2798649928606158,2.1624172770002588,0.007707052999649022,0.9713522966370809,0.4713550047921782,0.3682781352820767,0.6464845702076918,-0.3433880246254033,3.6036899523038852,3.475267386917564,0.46706687991147144,0.005,0.01,0.2505195111785538,0.860706037322464,0.9225808945398705,partial_recovery_with_enough_pairs,0.03411687192599364,0.005967059736887941,-1.0704310550355431,-0.931867802605444,,
banking_d200,synthetic,18000,200,gw_q16_p90_rot,2,180,0.5779023776828224,1.8092961959557479,1.3653798050305237,1.9964694999998756,0.007778579999921931,0.9713522966370809,0.4713550047921782,0.3682781352820767,0.5949462205253216,-0.3934499189542585,3.8385000213447866,3.7074690952932436,0.46431798136505736,0.0,0.005555555555555556,0.2955096364188813,0.734853201369433,0.8320145212274995,partial_recovery_with_enough_pairs,0.03531147434269674,0.0059661535212522385,-1.0814420195596544,-0.9298798630902454,,
banking_d200,synthetic,18000,200,gw_q16_p80_rot,2,160,0.5671690396626905,1.832155692676329,1.3845654063950692,2.2079563390002477,0.0075475949997780845,0.9713522966370809,0.4713550047921782,0.3682781352820767,0.5838963284755558,-0.4041832569743904,3.8869974309154345,3.7595645077723217,0.4579204051195011,0.0,0.0,0.26744600892683934,0.6480305940839496,0.7208998996141933,partial_recovery_with_enough_pairs,0.033433348701667615,0.005970010195073292,-1.0651791043795253,-0.9280286512573119,,
banking_d200,synthetic,18000,200,gw_q16_p70_rot,2,140,0.5443162479369628,1.8799010436870915,1.4271185157091208,2.33708674699983,0.007577326000046014,0.9713522966370809,0.4713550047921782,0.3682781352820767,0.5603695485370656,-0.42703604870011813,3.9882912551569185,3.875110626961447,0.44244369631583164,0.014285714285714285,0.007142857142857143,0.24179276259453902,0.5601853529602621,0.6645668794474726,partial_recovery_with_enough_pairs,0.0327739819804869,0.0059489297991251935,-1.0793017686230377,-0.9255946592895695,,
banking_d200,synthetic,18000,200,gw_q16_p50_rot,2,100,0.4386314129956862,2.0865426704238152,1.5996115670515476,2.4512241380002706,0.007409110000025976,0.9713522966370809,0.4713550047921782,0.3682781352820767,0.45156779318304197,-0.5327208836413947,4.426690390916244,4.343487744191902,0.42515501033824404,0.02,0.0,0.2940540845845555,0.3784432637153659,0.48714487470455436,resistant_in_tested_budget,0.03561882974847978,0.005896494016721785,-1.0725068774834876,-0.9259242764372481,,
banking_d200,synthetic,18000,200,bn50,2,100,0.977373286778728,0.418903465734907,0.33065983654855874,1.839644380000209,0.006449640000028012,0.9713522966370809,0.4713550047921782,0.3682781352820767,1.0061985647869391,0.006020990141647142,0.8887217945624716,0.8978535646578507,0.7789227730575018,0.03,0.02,0.8903311761174476,0.8844648142221309,0.9697464314068033,partial_recovery_with_enough_pairs,0.9779793829213753,0.5874702556855794,-1.1351988614306066,-0.9267929189812785,,
banking_d200,synthetic,18000,200,bn50_rot,2,100,0.9780357350488191,0.4127257393064127,0.32688930494537904,2.277048559999912,0.006748615000105929,0.9713522966370809,0.4713550047921782,0.3682781352820767,1.006880550377939,0.006683438411738241,0.875615481134829,0.8876152929768786,0.7789227730575017,0.02,0.01,0.8819715084039104,0.8844648142221313,0.969746431406804,partial_recovery_with_enough_pairs,0.8040821922531239,0.3984908702025807,-1.066072793803616,-0.942289753311064,,
banking_d200,synthetic,18000,200,bn50_q16_rot,2,100,0.976393948298388,0.42787301187507004,0.3377226705907722,2.181271883000136,0.006824956999935239,0.9713522966370809,0.4713550047921782,0.3682781352820767,1.005190343069926,0.0050416516613071005,0.907751074084215,0.9170315536981282,0.7517305434958489,0.02,0.0,0.8774119885228184,0.829258430595473,0.9575122868504201,partial_recovery_with_enough_pairs,0.6383158834111071,0.3848733271752839,-1.0664031418725761,-0.9205534042082221,,
banking_d200,synthetic,18000,200,bn50_adv_rot,2,100,0.9778357138716782,0.41460075747152064,0.3276014118019816,2.2318750549998185,0.006681472999844118,0.9713522966370809,0.4713550047921782,0.3682781352820767,1.0066746300565135,0.006483417234597333,0.8795934131521937,0.8895489045285313,0.6988230934045903,0.01,0.0,0.8468366648512544,0.8637898887485173,0.9536904246924952,partial_recovery_with_enough_pairs,0.7067084346469961,0.3772089099578052,-1.0487339025392834,-0.9329370455534408,,
